customer_id,age,gender,country,annual_income,spending_score,num_purchases,avg_purchase_value,total_revenue,membership_years,cart_abandon_rate,feedback_text
1861,65,Female,USA,173880,98,49,79.47,3894.0299999999997,15,0.87,Very satisfied with my purchase.
5279,51,Female,Germany,164719,96,49,77.07,3776.43,15,0.48,Love the products and fast shipping.
2920,60,Male,UK,177331,99,45,83.27,3747.1499999999996,13,0.51,Excellent customer service.
8531,62,Female,Australia,173923,69,48,77.01,3696.4800000000005,15,0.3,Excellent customer service.
6823,41,Male,USA,143457,96,47,76.06,3574.82,14,0.06,The website is easy to use.
8690,46,Female,Australia,152380,92,47,75.55,3550.85,15,0.28,Excellent customer service.
7750,53,Female,Australia,159415,98,47,75.51,3548.9700000000003,15,0.39,"Great experience, will shop again!"
6357,58,Female,UK,179677,63,48,73.46,3526.08,15,0.9,"Great experience, will shop again!"
728,70,Female,Germany,175816,68,46,75.83,3488.18,15,0.9,Good quality and value for money.
3011,70,Male,Japan,170158,96,44,78.01,3432.44,12,0.83,Love the products and fast shipping.
2193,66,Male,Canada,169849,76,45,76.04,3421.8,15,0.72,Good quality and value for money.
4367,51,Male,UK,170590,77,43,79.09,3400.8700000000003,14,0.98,Very satisfied with my purchase.
9293,40,Female,USA,141989,90,46,72.27,3324.4199999999996,14,0.55,Good quality and value for money.
1659,64,Male,Canada,175754,80,45,73.85,3323.2499999999995,13,0.49,Very satisfied with my purchase.
5559,62,Female,USA,161385,99,41,80.67,3307.4700000000003,12,0.23,Excellent customer service.
6662,56,Female,Canada,159088,64,46,71.9,3307.4,15,0.24,The website is easy to use.
5103,66,Female,USA,150829,78,44,74.92,3296.48,15,0.07,The website is easy to use.
8950,69,Female,Germany,163508,77,43,76.59,3293.3700000000003,14,0.97,The website is easy to use.
273,60,Female,USA,152701,95,45,72.89,3280.05,13,0.72,Love the products and fast shipping.
2922,69,Female,USA,131785,84,46,71.23,3276.5800000000004,15,0.92,"Great experience, will shop again!"
4313,55,Male,Canada,142456,95,43,75.85,3261.5499999999997,12,0.21,"Great experience, will shop again!"
2927,33,Male,Japan,142137,91,44,74.02,3256.8799999999997,14,0.22,Love the products and fast shipping.
3941,33,Male,Japan,133313,79,45,72.09,3244.05,14,0.61,"Great experience, will shop again!"
7978,58,Female,USA,167716,50,45,71.92,3236.4,15,0.63,Very satisfied with my purchase.
4894,61,Female,Germany,171723,47,44,73.43,3230.92,15,0.62,Love the products and fast shipping.
9786,65,Male,UK,155137,98,42,76.69,3220.98,12,0.9,Good quality and value for money.
974,60,Female,USA,125020,99,48,67.07,3219.3599999999997,15,0.62,"Great experience, will shop again!"
2164,51,Male,USA,151699,78,44,73.14,3218.16,14,0.43,Excellent customer service.
367,51,Male,USA,155091,81,44,72.98,3211.1200000000003,13,0.91,Love the products and fast shipping.
5735,66,Male,UK,171121,77,48,66.71,3202.08,15,0.31,Love the products and fast shipping.
2201,68,Female,USA,163706,99,39,82.03,3199.17,10,0.32,The website is easy to use.
372,59,Male,Australia,170230,87,45,70.41,3168.45,13,0.76,"Great experience, will shop again!"
2283,36,Male,USA,149745,86,42,75.02,3150.8399999999997,13,0.16,Excellent customer service.
3422,52,Female,Germany,165512,80,48,65.6,3148.7999999999997,15,0.52,"Great experience, will shop again!"
4860,54,Female,Germany,173018,97,46,68.34,3143.6400000000003,13,0.86,Very satisfied with my purchase.
4629,64,Female,Canada,167812,81,42,74.74,3139.08,12,0.07,Good quality and value for money.
6478,69,Female,Australia,141843,89,44,71.27,3135.8799999999997,14,0.5,Very satisfied with my purchase.
7376,38,Male,Australia,147797,91,46,68.09,3132.1400000000003,14,0.74,The website is easy to use.
675,48,Female,USA,143922,90,47,66.57,3128.7899999999995,15,0.41,Excellent customer service.
4840,65,Female,USA,164962,73,42,74.42,3125.64,12,0.81,The website is easy to use.
7368,62,Male,Canada,177592,100,38,82.02,3116.7599999999998,9,0.15,Good quality and value for money.
1822,33,Male,UK,125001,94,45,69.15,3111.7500000000005,15,0.01,Excellent customer service.
3477,59,Female,USA,170241,67,41,75.79,3107.3900000000003,13,0.47,The website is easy to use.
9385,68,Male,Germany,128210,99,46,67.47,3103.62,15,0.03,Very satisfied with my purchase.
3047,56,Male,Germany,170950,93,46,67.45,3102.7000000000003,14,0.41,Love the products and fast shipping.
7580,66,Female,Canada,145950,86,46,67.45,3102.7000000000003,14,0.62,Very satisfied with my purchase.
6062,54,Male,USA,161554,78,44,70.41,3098.04,15,0.2,The website is easy to use.
8015,68,Male,UK,157866,89,47,65.76,3090.7200000000003,15,0.05,The website is easy to use.
6616,59,Female,USA,150110,95,42,73.53,3088.26,13,0.62,The website is easy to use.
1487,63,Male,Germany,136239,71,45,68.61,3087.45,15,0.46,Excellent customer service.
5682,62,Male,UK,179960,65,43,71.7,3083.1,13,0.54,The website is easy to use.
1182,68,Male,Australia,175363,100,46,66.98,3081.0800000000004,14,0.28,Love the products and fast shipping.
1305,56,Female,Australia,153547,78,41,75.14,3080.7400000000002,13,0.79,Very satisfied with my purchase.
6222,48,Female,Germany,132259,99,43,71.64,3080.52,14,0.71,"Great experience, will shop again!"
6407,45,Female,USA,125292,99,42,73.27,3077.3399999999997,13,0.74,Good quality and value for money.
8965,55,Male,Canada,152902,56,45,68.36,3076.2,15,0.04,Good quality and value for money.
2065,50,Female,Japan,148300,84,43,71.39,3069.77,13,0.4,Excellent customer service.
2477,64,Male,UK,152679,89,41,74.83,3068.0299999999997,11,0.42,"Great experience, will shop again!"
4129,70,Male,Germany,157682,77,45,68.07,3063.1499999999996,15,0.74,Love the products and fast shipping.
9399,68,Male,USA,168550,81,42,72.67,3052.14,12,0.2,Excellent customer service.
5073,69,Male,Germany,173236,50,42,72.24,3034.08,15,0.51,Love the products and fast shipping.
3120,51,Female,USA,138270,71,43,70.39,3026.77,15,0.66,"Great experience, will shop again!"
5890,70,Female,Germany,140812,92,42,72.02,3024.8399999999997,13,0.34,Love the products and fast shipping.
4064,53,Female,USA,164631,73,42,71.88,3018.96,12,0.63,Good quality and value for money.
7171,67,Male,USA,117348,93,42,71.87,3018.54,13,0.91,Good quality and value for money.
3593,46,Male,USA,108241,100,48,62.85,3016.8,15,0.59,Excellent customer service.
9891,38,Male,USA,131062,70,43,70.1,3014.2999999999997,14,0.45,The website is easy to use.
2821,47,Female,Canada,115065,95,42,71.74,3013.08,14,0.06,Love the products and fast shipping.
3006,51,Male,USA,148267,89,45,66.83,3007.35,14,0.24,Good quality and value for money.
9011,66,Female,Australia,167470,78,43,69.88,3004.8399999999997,13,0.54,Very satisfied with my purchase.
2298,52,Male,UK,142317,67,42,71.46,3001.3199999999997,13,0.38,Excellent customer service.
9831,69,Male,UK,169063,73,46,65.14,2996.44,14,0.33,Excellent customer service.
8856,66,Female,UK,167070,90,41,72.91,2989.31,11,0.35,"Great experience, will shop again!"
2398,50,Male,UK,123888,88,44,67.84,2984.96,14,0.51,Very satisfied with my purchase.
4488,54,Male,UK,162446,76,41,72.73,2981.9300000000003,12,0.37,Love the products and fast shipping.
2837,56,Male,Germany,146013,80,40,74.53,2981.2,12,0.57,Excellent customer service.
6497,67,Female,UK,170613,88,42,70.84,2975.28,12,0.34,Excellent customer service.
3629,40,Female,Germany,120141,82,43,68.95,2964.85,14,0.13,Excellent customer service.
8069,46,Male,Germany,174687,88,46,64.44,2964.24,15,0.35,Love the products and fast shipping.
3161,48,Female,USA,171756,90,42,70.06,2942.52,13,0.41,The website is easy to use.
2177,55,Male,USA,145131,91,46,63.88,2938.48,15,0.56,Good quality and value for money.
5097,61,Female,USA,149406,91,40,73.38,2935.2,12,0.19,"Great experience, will shop again!"
2670,69,Female,Germany,126003,71,43,68.26,2935.1800000000003,15,0.38,Very satisfied with my purchase.
650,36,Male,Japan,129023,73,43,68.12,2929.1600000000003,15,0.09,"Great experience, will shop again!"
6799,62,Female,USA,176665,84,39,75.1,2928.8999999999996,11,0.48,"Great experience, will shop again!"
8246,57,Male,Germany,160522,50,42,69.62,2924.04,15,0.46,Very satisfied with my purchase.
5674,59,Male,USA,175515,79,44,66.36,2919.84,13,0.78,Very satisfied with my purchase.
4471,66,Female,Germany,170121,80,46,63.29,2911.34,14,0.21,The website is easy to use.
9579,31,Female,USA,149953,99,41,71.0,2911.0,12,0.45,"Great experience, will shop again!"
2781,47,Male,India,90616,93,46,63.21,2907.66,15,0.54,"Great experience, will shop again!"
3460,57,Male,USA,124075,99,48,60.56,2906.88,15,0.2,The website is easy to use.
6529,61,Male,USA,163567,49,42,69.14,2903.88,15,0.43,Good quality and value for money.
9141,59,Female,USA,95143,94,45,64.53,2903.85,15,0.33,Excellent customer service.
4012,47,Male,USA,141505,95,39,74.44,2903.16,10,0.79,Very satisfied with my purchase.
7350,57,Female,USA,166938,99,36,80.55,2899.7999999999997,8,0.52,Very satisfied with my purchase.
6781,38,Male,UK,122403,96,47,61.54,2892.38,15,0.48,Excellent customer service.
8295,46,Male,USA,175374,55,39,74.16,2892.24,13,0.73,Love the products and fast shipping.
1447,59,Male,UK,141627,92,47,61.37,2884.39,15,0.65,Very satisfied with my purchase.
4408,37,Female,UK,104577,94,42,68.66,2883.72,14,0.69,The website is easy to use.
4089,37,Female,Japan,77775,98,45,64.0,2880.0,15,0.05,Very satisfied with my purchase.
7423,41,Male,Canada,130657,61,45,63.74,2868.3,15,0.42,Excellent customer service.
573,67,Female,USA,133806,67,46,62.15,2858.9,15,0.12,Love the products and fast shipping.
8844,49,Female,USA,154142,97,37,77.13,2853.81,10,0.07,Very satisfied with my purchase.
6387,45,Male,Germany,149762,77,41,69.59,2853.19,12,0.48,Good quality and value for money.
4978,58,Male,USA,90855,88,44,64.82,2852.08,14,0.81,The website is easy to use.
3224,32,Female,USA,112617,94,40,71.21,2848.3999999999996,13,0.24,The website is easy to use.
9657,32,Female,Australia,110322,90,44,64.55,2840.2,14,0.01,The website is easy to use.
8752,46,Male,USA,178644,55,40,70.93,2837.2000000000003,13,0.08,Love the products and fast shipping.
6242,48,Female,USA,169192,74,43,65.82,2830.2599999999998,13,0.01,The website is easy to use.
1900,37,Female,Canada,112852,94,46,61.47,2827.62,15,0.49,Good quality and value for money.
7300,45,Male,USA,148013,94,44,64.19,2824.3599999999997,14,0.82,Love the products and fast shipping.
9219,57,Male,Germany,152808,96,39,72.31,2820.09,10,0.82,"Great experience, will shop again!"
3719,49,Male,Germany,172381,98,35,80.51,2817.8500000000004,8,0.14,Excellent customer service.
5737,64,Female,USA,175810,41,40,70.32,2812.7999999999997,14,0.98,Excellent customer service.
177,57,Male,UK,175453,74,46,61.1,2810.6,15,0.18,Love the products and fast shipping.
7606,35,Female,USA,144773,54,41,68.54,2810.1400000000003,13,0.29,Very satisfied with my purchase.
4649,32,Male,USA,85128,99,44,63.69,2802.3599999999997,14,0.59,The website is easy to use.
39,43,Female,UK,123560,64,43,65.15,2801.4500000000003,14,0.15,Love the products and fast shipping.
7110,62,Male,USA,155616,70,39,71.82,2800.9799999999996,11,0.67,Very satisfied with my purchase.
4502,34,Male,UK,146336,46,43,65.12,2800.1600000000003,15,0.61,Excellent customer service.
567,51,Male,Canada,140816,74,43,65.11,2799.73,14,0.7,"Great experience, will shop again!"
9958,60,Female,USA,165498,69,43,64.99,2794.5699999999997,13,0.36,Love the products and fast shipping.
3940,70,Male,Australia,156888,95,36,77.55,2791.7999999999997,9,0.02,Love the products and fast shipping.
3715,52,Female,USA,119836,92,47,59.28,2786.16,15,0.91,Very satisfied with my purchase.
9464,39,Male,Canada,149239,71,41,67.89,2783.4900000000002,13,0.16,Excellent customer service.
4444,53,Female,USA,159550,84,46,60.5,2783.0,14,0.78,Excellent customer service.
3636,46,Male,Australia,121282,83,42,66.25,2782.5,13,0.5,The website is easy to use.
998,66,Female,USA,117267,94,48,57.66,2767.68,15,0.07,"Great experience, will shop again!"
7097,69,Male,Canada,141126,96,36,76.86,2766.96,10,0.68,Good quality and value for money.
3711,48,Female,USA,127351,80,45,61.46,2765.7,15,0.13,Excellent customer service.
4613,59,Female,USA,139173,51,41,67.25,2757.25,14,0.03,Very satisfied with my purchase.
4072,51,Male,Australia,132573,55,42,65.63,2756.46,15,0.02,The website is easy to use.
2215,64,Female,USA,166377,86,41,67.21,2755.6099999999997,12,0.2,Good quality and value for money.
3153,63,Male,Canada,160108,65,39,70.63,2754.5699999999997,13,0.09,Love the products and fast shipping.
4290,65,Female,UK,160526,72,45,61.17,2752.65,14,0.29,The website is easy to use.
3747,47,Male,USA,120553,61,43,63.92,2748.56,15,0.35,"Great experience, will shop again!"
2831,69,Female,Canada,147084,71,41,67.03,2748.23,13,0.7,Excellent customer service.
5397,66,Male,UK,178104,81,39,70.36,2744.04,11,0.07,"Great experience, will shop again!"
7473,62,Male,Germany,173282,29,43,63.71,2739.53,15,0.01,"Great experience, will shop again!"
6632,37,Male,Germany,112876,95,41,66.8,2738.7999999999997,13,0.78,Love the products and fast shipping.
6584,38,Female,USA,119923,86,41,66.79,2738.3900000000003,13,0.63,Excellent customer service.
9040,50,Male,Australia,152566,81,46,59.53,2738.38,15,0.69,Good quality and value for money.
4878,54,Female,Japan,177853,70,39,70.13,2735.0699999999997,11,0.56,"Great experience, will shop again!"
5907,58,Female,Australia,145503,74,39,70.05,2731.95,12,0.31,"Great experience, will shop again!"
6734,67,Male,UK,107864,82,42,64.96,2728.3199999999997,14,0.58,"Great experience, will shop again!"
3007,45,Female,Australia,129668,95,40,68.1,2724.0,12,0.26,The website is easy to use.
277,65,Female,USA,133411,99,36,75.61,2721.96,9,0.27,Excellent customer service.
2173,60,Male,USA,169896,87,35,77.76,2721.6000000000004,9,0.73,Excellent customer service.
3708,44,Male,USA,133523,67,41,66.33,2719.5299999999997,13,0.88,"Great experience, will shop again!"
4588,62,Female,USA,168758,48,44,61.73,2716.12,14,0.24,Good quality and value for money.
3972,63,Male,USA,158029,93,35,77.53,2713.55,9,0.19,Very satisfied with my purchase.
73,47,Male,Germany,80935,80,44,61.63,2711.7200000000003,15,0.85,Good quality and value for money.
5123,59,Female,USA,165927,47,41,66.11,2710.5099999999998,14,0.38,"Great experience, will shop again!"
8665,68,Male,USA,137008,77,46,58.88,2708.48,15,0.4,"Great experience, will shop again!"
261,58,Male,Canada,137614,78,44,61.49,2705.56,15,0.61,Good quality and value for money.
9813,64,Male,Germany,114068,100,41,65.97,2704.77,12,0.69,Very satisfied with my purchase.
9144,43,Female,UK,119044,86,43,62.9,2704.7,14,0.13,Good quality and value for money.
6323,68,Female,Canada,139954,78,39,69.35,2704.6499999999996,12,0.66,Good quality and value for money.
6880,47,Female,UK,142212,49,44,61.43,2702.92,15,0.44,Good quality and value for money.
4995,52,Female,USA,170590,89,36,75.03,2701.08,8,0.61,Excellent customer service.
7068,69,Female,USA,100293,98,44,61.38,2700.7200000000003,14,0.15,The website is easy to use.
3770,48,Male,USA,141933,88,39,69.18,2698.0200000000004,11,0.0,Love the products and fast shipping.
9742,56,Female,Canada,178647,85,39,69.16,2697.24,11,0.42,Love the products and fast shipping.
5452,66,Female,Canada,90508,96,42,64.21,2696.8199999999997,14,0.08,Love the products and fast shipping.
2980,30,Female,Canada,148691,99,42,64.19,2695.98,12,0.71,Very satisfied with my purchase.
7944,53,Female,Australia,167161,63,47,57.32,2694.04,15,0.94,Excellent customer service.
5497,62,Male,South Africa,83964,82,43,62.64,2693.52,14,0.94,Good quality and value for money.
9538,59,Female,Canada,149457,68,44,61.16,2691.04,15,0.31,Good quality and value for money.
8007,57,Female,USA,166620,41,38,70.77,2689.2599999999998,13,0.45,Love the products and fast shipping.
9803,35,Female,USA,136520,92,45,59.76,2689.2,14,0.52,Excellent customer service.
4663,30,Female,Australia,136087,94,39,68.9,2687.1000000000004,10,0.89,Excellent customer service.
6190,37,Female,USA,149277,59,39,68.81,2683.59,12,0.62,The website is easy to use.
7958,47,Female,Australia,173643,50,36,74.5,2682.0,11,0.09,Very satisfied with my purchase.
473,60,Female,Australia,170456,66,38,70.57,2681.66,12,0.53,Love the products and fast shipping.
3723,70,Male,Japan,127232,63,40,67.03,2681.2,13,0.49,Good quality and value for money.
4885,57,Female,Australia,171478,46,39,68.73,2680.4700000000003,12,0.07,Very satisfied with my purchase.
2166,41,Female,USA,89019,96,40,66.91,2676.3999999999996,12,0.9,Love the products and fast shipping.
9190,64,Female,USA,116860,96,42,63.61,2671.62,13,0.7,Love the products and fast shipping.
6170,44,Female,Australia,149150,68,41,65.11,2669.5099999999998,14,0.43,The website is easy to use.
934,60,Male,USA,125300,90,38,70.19,2667.22,11,0.63,Excellent customer service.
393,53,Male,USA,162942,88,41,65.05,2667.0499999999997,11,0.66,Love the products and fast shipping.
6691,54,Male,USA,165210,58,41,65.05,2667.0499999999997,13,0.18,"Great experience, will shop again!"
4026,52,Male,Canada,172933,66,41,64.98,2664.1800000000003,13,0.82,Love the products and fast shipping.
5599,60,Female,Germany,170578,51,44,60.38,2656.7200000000003,15,0.6,Very satisfied with my purchase.
3549,57,Female,Germany,175338,87,35,75.86,2655.1,9,0.05,"Great experience, will shop again!"
6525,32,Female,USA,137888,90,40,66.37,2654.8,11,0.01,The website is easy to use.
1742,69,Male,USA,133976,96,42,63.18,2653.56,13,0.44,"Great experience, will shop again!"
3281,66,Female,Australia,152971,96,36,73.69,2652.84,10,0.44,Love the products and fast shipping.
3830,66,Male,Canada,153892,70,47,56.41,2651.27,15,0.98,"Great experience, will shop again!"
7153,67,Male,USA,167966,43,39,67.94,2649.66,13,0.8,Good quality and value for money.
7210,49,Male,UK,175448,53,41,64.62,2649.42,14,0.94,Love the products and fast shipping.
6856,61,Male,USA,151976,58,44,60.19,2648.3599999999997,15,0.78,Excellent customer service.
860,37,Male,USA,117138,91,42,63.04,2647.68,13,0.96,Excellent customer service.
5691,35,Male,USA,116444,98,40,66.15,2646.0,13,0.05,Good quality and value for money.
1521,57,Male,USA,104520,81,42,62.99,2645.58,14,0.58,"Great experience, will shop again!"
2472,49,Male,UK,170938,87,40,65.98,2639.2000000000003,11,0.16,The website is easy to use.
1963,56,Male,Canada,132619,88,44,59.91,2636.04,14,0.31,The website is easy to use.
6040,63,Male,USA,170714,45,42,62.72,2634.24,15,0.61,"Great experience, will shop again!"
5052,64,Female,USA,84031,100,40,65.85,2634.0,13,0.88,Excellent customer service.
7263,66,Female,USA,155671,34,43,61.22,2632.46,15,0.98,The website is easy to use.
3367,67,Female,Japan,158271,82,44,59.8,2631.2,14,0.46,Very satisfied with my purchase.
7528,57,Female,UK,126614,78,40,65.65,2626.0,12,0.57,Excellent customer service.
4823,70,Female,USA,128173,91,40,65.63,2625.2,12,0.29,The website is easy to use.
9772,68,Female,USA,167296,95,34,77.2,2624.8,8,0.58,"Great experience, will shop again!"
486,58,Female,USA,156897,86,37,70.93,2624.4100000000003,10,0.09,Love the products and fast shipping.
8446,51,Male,USA,162075,97,37,70.91,2623.67,10,0.87,Excellent customer service.
2609,65,Female,USA,129688,85,39,67.25,2622.75,11,0.78,"Great experience, will shop again!"
243,67,Male,USA,129780,91,46,56.99,2621.54,15,0.68,The website is easy to use.
2172,64,Male,Canada,176942,77,38,68.83,2615.54,11,0.26,Very satisfied with my purchase.
8005,52,Male,India,77503,91,43,60.81,2614.83,14,0.63,"Great experience, will shop again!"
9160,51,Female,India,58918,99,43,60.71,2610.53,14,0.09,Love the products and fast shipping.
966,52,Male,USA,161744,30,41,63.56,2605.96,15,0.17,Love the products and fast shipping.
772,65,Female,USA,130406,94,37,70.41,2605.17,10,0.79,The website is easy to use.
4247,60,Male,USA,140835,94,40,65.12,2604.8,11,0.95,Good quality and value for money.
7501,31,Female,Germany,97869,100,38,68.51,2603.38,11,0.39,Love the products and fast shipping.
4504,48,Male,USA,155887,85,39,66.68,2600.5200000000004,10,0.37,Good quality and value for money.
2366,30,Female,Australia,116619,96,39,66.66,2599.74,12,0.04,Excellent customer service.
7941,52,Male,UK,88752,94,44,59.08,2599.52,14,0.9,Love the products and fast shipping.
6548,60,Female,USA,179859,70,38,68.33,2596.54,11,0.51,The website is easy to use.
3624,58,Male,Japan,148815,95,42,61.82,2596.44,12,0.02,Good quality and value for money.
7854,64,Female,Canada,112468,73,43,60.34,2594.6200000000003,14,0.9,Excellent customer service.
4118,65,Male,USA,128162,93,43,60.27,2591.61,13,0.39,Good quality and value for money.
7616,67,Male,Brazil,85675,92,41,63.12,2587.92,14,0.55,Love the products and fast shipping.
1183,44,Male,Australia,103222,89,44,58.8,2587.2,14,0.56,"Great experience, will shop again!"
7936,52,Male,UK,178959,53,44,58.74,2584.56,15,0.15,Love the products and fast shipping.
91,50,Male,UK,160669,93,41,63.03,2584.23,12,0.62,Very satisfied with my purchase.
9602,49,Female,India,83368,71,44,58.69,2582.3599999999997,15,0.87,Very satisfied with my purchase.
8192,57,Female,Australia,179334,92,40,64.53,2581.2,10,0.13,The website is easy to use.
3268,41,Female,France,70303,96,41,62.95,2580.9500000000003,14,0.72,Good quality and value for money.
8217,67,Female,UK,173604,77,39,66.09,2577.51,11,0.18,"Great experience, will shop again!"
6131,59,Female,USA,123686,54,41,62.84,2576.44,14,0.33,Good quality and value for money.
3,69,Female,Australia,143869,59,39,65.96,2572.4399999999996,12,0.08,Excellent customer service.
6684,67,Female,USA,176278,63,42,61.17,2569.14,14,0.17,"Great experience, will shop again!"
7502,56,Male,USA,147140,94,35,73.3,2565.5,8,0.82,The website is easy to use.
546,45,Male,UK,104444,99,47,54.54,2563.38,15,0.22,"Great experience, will shop again!"
3699,46,Female,Germany,158835,75,36,71.19,2562.84,10,0.02,Very satisfied with my purchase.
6286,46,Female,USA,170832,78,38,67.44,2562.72,10,0.0,Very satisfied with my purchase.
1877,38,Male,Germany,141943,60,37,69.22,2561.14,11,0.99,Good quality and value for money.
6775,40,Female,USA,147081,97,33,77.59,2560.4700000000003,7,0.71,"Great experience, will shop again!"
2576,52,Female,USA,164662,56,40,64.01,2560.4,13,0.75,"Poor quality, item broke after a week."
5191,67,Male,UK,156676,49,36,71.12,2560.32,12,0.2,Good quality and value for money.
1898,58,Male,Canada,168136,98,36,71.11,2559.96,8,0.43,Good quality and value for money.
5022,63,Male,Australia,144670,34,39,65.6,2558.3999999999996,15,0.87,The product did not match the description.
8038,46,Male,UK,164451,90,41,62.37,2557.17,11,0.54,Excellent customer service.
3891,36,Female,UK,92197,62,43,59.38,2553.34,15,0.48,"Great experience, will shop again!"
5994,38,Male,Germany,78648,93,44,57.95,2549.8,15,0.57,"Great experience, will shop again!"
8768,49,Female,South Africa,74942,100,41,62.18,2549.38,14,0.99,Very satisfied with my purchase.
8832,69,Female,Japan,123312,81,46,55.4,2548.4,15,0.86,"Great experience, will shop again!"
9740,33,Male,UK,144522,90,39,65.31,2547.09,12,0.79,"Great experience, will shop again!"
345,57,Female,Germany,154633,78,44,57.83,2544.52,14,0.31,Excellent customer service.
8649,60,Female,UK,172810,58,42,60.5,2541.0,13,0.42,The website is easy to use.
7843,49,Male,Germany,113371,78,43,59.09,2540.8700000000003,14,0.91,The website is easy to use.
1999,68,Male,USA,175551,6,39,65.1,2538.8999999999996,15,0.64,"Great experience, will shop again!"
2671,53,Male,UK,151406,95,34,74.65,2538.1000000000004,8,0.99,Excellent customer service.
3168,64,Male,Australia,165092,60,37,68.52,2535.24,12,0.02,Excellent customer service.
694,62,Female,Japan,170438,67,39,65.0,2535.0,11,0.99,Good quality and value for money.
4772,37,Female,India,70870,89,42,60.35,2534.7000000000003,14,0.5,Excellent customer service.
9338,67,Female,UK,172232,63,37,68.5,2534.5,11,0.35,Love the products and fast shipping.
7186,65,Male,Canada,173128,96,38,66.69,2534.22,9,0.91,Excellent customer service.
3159,53,Female,USA,112070,76,41,61.78,2532.98,14,0.03,Good quality and value for money.
97,34,Male,USA,149375,76,44,57.53,2531.32,15,0.65,Excellent customer service.
682,44,Male,USA,98863,83,39,64.87,2529.9300000000003,13,0.18,Very satisfied with my purchase.
1953,52,Male,UK,176240,70,41,61.65,2527.65,12,0.06,The website is easy to use.
8846,59,Female,USA,142516,41,44,57.42,2526.48,15,0.15,Good quality and value for money.
7360,65,Female,USA,146598,25,42,60.14,2525.88,15,0.35,Good quality and value for money.
552,43,Male,Canada,123460,56,41,61.57,2524.37,14,0.65,"Great experience, will shop again!"
3352,38,Female,Australia,94920,89,43,58.65,2521.95,15,0.69,Excellent customer service.
8925,42,Male,India,73872,100,40,63.01,2520.4,12,0.3,The website is easy to use.
2805,69,Male,Canada,103659,84,44,57.26,2519.44,15,0.95,Love the products and fast shipping.
7828,65,Female,Japan,175494,33,39,64.56,2517.84,13,0.38,Good quality and value for money.
3803,48,Male,Canada,107047,63,43,58.55,2517.65,15,0.57,Love the products and fast shipping.
3569,46,Female,USA,143438,27,41,61.4,2517.4,15,0.23,The website is easy to use.
2637,55,Male,Canada,156015,62,41,61.37,2516.17,13,0.15,Love the products and fast shipping.
8884,35,Male,Germany,135103,79,36,69.79,2512.44,11,0.99,Good quality and value for money.
5206,68,Female,UK,150064,55,40,62.73,2509.2,14,0.2,Excellent customer service.
1326,61,Female,USA,142036,73,44,57.02,2508.88,15,0.34,Excellent customer service.
4541,43,Male,UK,106208,80,39,64.3,2507.7,13,0.26,Good quality and value for money.
6364,65,Male,Germany,161622,36,41,61.05,2503.0499999999997,15,0.42,Love the products and fast shipping.
9229,35,Male,UK,108157,89,45,55.62,2502.9,15,0.41,Love the products and fast shipping.
6636,63,Male,Japan,135314,67,44,56.88,2502.7200000000003,15,0.09,The website is easy to use.
2405,56,Female,Japan,153043,98,41,60.96,2499.36,11,0.19,Very satisfied with my purchase.
6401,64,Female,Australia,168996,73,38,65.76,2498.88,12,0.31,The website is easy to use.
4178,46,Male,USA,94102,59,42,59.49,2498.58,15,0.83,"Great experience, will shop again!"
9056,40,Male,USA,109797,88,42,59.49,2498.58,14,0.01,Love the products and fast shipping.
3078,46,Female,USA,89119,88,39,64.02,2496.7799999999997,12,0.47,Good quality and value for money.
391,50,Female,Japan,177212,45,37,67.46,2496.02,12,0.89,The website is easy to use.
1152,68,Male,USA,170887,77,32,78.0,2496.0,7,0.11,Love the products and fast shipping.
2320,65,Male,USA,159500,74,34,73.36,2494.24,10,0.85,Excellent customer service.
9643,34,Male,USA,145158,62,38,65.62,2493.5600000000004,12,0.54,Excellent customer service.
9203,70,Male,Canada,156319,94,41,60.77,2491.57,11,0.98,"Great experience, will shop again!"
5487,41,Female,UK,126265,100,38,65.56,2491.28,11,0.11,Love the products and fast shipping.
855,50,Female,India,78818,68,42,59.3,2490.6,15,0.3,Good quality and value for money.
9398,64,Female,UK,147984,70,34,73.15,2487.1000000000004,10,0.88,"Great experience, will shop again!"
9187,54,Male,USA,176496,94,35,71.05,2486.75,9,0.69,Good quality and value for money.
4297,43,Female,Australia,84920,95,38,65.44,2486.72,13,0.1,"Great experience, will shop again!"
3157,55,Male,Germany,120514,92,40,62.12,2484.7999999999997,12,0.82,Good quality and value for money.
57,55,Female,Canada,152239,29,39,63.7,2484.3,14,0.18,Very satisfied with my purchase.
1677,65,Female,Germany,76345,80,42,59.15,2484.2999999999997,15,0.22,"Great experience, will shop again!"
9819,38,Female,USA,115231,69,38,65.37,2484.0600000000004,13,0.09,Excellent customer service.
9759,64,Female,UK,177385,2,38,65.34,2482.92,14,0.56,I will not be shopping here again.
9333,33,Female,USA,147065,53,42,59.1,2482.2000000000003,14,0.49,Excellent customer service.
5467,66,Male,Japan,176356,90,31,80.06,2481.86,6,0.53,Love the products and fast shipping.
8668,55,Male,UK,143056,94,39,63.63,2481.57,11,0.96,Very satisfied with my purchase.
8009,29,Male,USA,118492,82,36,68.91,2480.7599999999998,10,0.14,Very satisfied with my purchase.
4773,40,Male,Germany,125100,95,41,60.45,2478.4500000000003,13,0.15,Very satisfied with my purchase.
9054,68,Female,USA,151881,93,38,65.21,2477.9799999999996,10,0.16,Love the products and fast shipping.
9653,44,Male,USA,101732,70,41,60.41,2476.81,15,0.53,Excellent customer service.
1323,68,Male,Germany,89486,97,40,61.85,2474.0,13,0.6,Very satisfied with my purchase.
9050,60,Female,USA,117295,94,35,70.61,2471.35,10,0.11,The website is easy to use.
4907,55,Female,Australia,129922,83,43,57.43,2469.49,14,0.46,Very satisfied with my purchase.
6638,48,Male,USA,108836,86,42,58.76,2467.92,14,0.35,Very satisfied with my purchase.
7511,56,Female,Japan,132130,72,36,68.55,2467.7999999999997,11,0.24,Good quality and value for money.
8345,36,Male,USA,110824,92,35,70.45,2465.75,9,0.89,The website is easy to use.
2897,45,Female,Japan,109467,77,40,61.63,2465.2000000000003,14,0.26,Good quality and value for money.
2672,50,Female,Australia,173278,62,36,68.46,2464.56,11,0.43,Excellent customer service.
8160,48,Female,Japan,158858,50,43,57.3,2463.9,15,0.28,Love the products and fast shipping.
5168,68,Male,Canada,119479,69,37,66.57,2463.0899999999997,12,0.81,Excellent customer service.
712,38,Female,Germany,139331,89,34,72.31,2458.54,9,0.89,Very satisfied with my purchase.
6318,66,Female,Germany,174824,57,33,74.49,2458.1699999999996,9,0.19,Good quality and value for money.
6058,68,Female,USA,109911,53,40,61.39,2455.6,14,0.54,Good quality and value for money.
9120,69,Female,USA,166801,100,36,68.2,2455.2000000000003,8,0.87,Good quality and value for money.
7069,32,Male,USA,124817,97,45,54.51,2452.95,14,0.51,"Great experience, will shop again!"
1802,59,Female,USA,137761,88,39,62.88,2452.32,11,0.58,"Great experience, will shop again!"
721,59,Female,Germany,166947,40,40,61.28,2451.2,14,0.5,The website is easy to use.
5563,59,Female,Brazil,86836,71,41,59.58,2442.7799999999997,15,0.37,Love the products and fast shipping.
6465,43,Female,Australia,131146,97,38,64.28,2442.64,11,0.73,Love the products and fast shipping.
8487,35,Male,USA,130230,77,39,62.53,2438.67,12,0.7,Good quality and value for money.
608,56,Male,USA,159536,89,35,69.67,2438.4500000000003,9,0.11,Love the products and fast shipping.
3291,31,Male,UK,146443,88,35,69.66,2438.1,10,0.75,Love the products and fast shipping.
6246,45,Female,Germany,107184,64,41,59.45,2437.4500000000003,15,0.24,Good quality and value for money.
6106,55,Female,France,79796,83,39,62.49,2437.11,14,0.17,The website is easy to use.
7529,47,Male,Australia,155599,61,41,59.42,2436.2200000000003,13,0.84,Very satisfied with my purchase.
6260,68,Female,USA,162878,49,38,64.06,2434.28,13,0.18,Excellent customer service.
7650,36,Male,USA,134491,88,42,57.94,2433.48,13,0.71,Love the products and fast shipping.
5576,31,Female,Japan,125978,95,41,59.34,2432.94,12,0.58,"Great experience, will shop again!"
6658,66,Female,USA,177229,8,37,65.67,2429.79,13,0.44,Very satisfied with my purchase.
906,54,Female,Australia,163844,96,37,65.66,2429.42,10,0.2,The website is easy to use.
8344,63,Male,Australia,90868,78,42,57.82,2428.44,15,0.78,The website is easy to use.
8658,58,Male,Japan,116856,80,43,56.47,2428.21,14,0.18,The website is easy to use.
2206,53,Male,UK,94634,79,38,63.9,2428.2,12,0.27,Very satisfied with my purchase.
842,53,Female,Japan,141829,34,40,60.68,2427.2,14,0.93,The website is easy to use.
4358,36,Female,Canada,102500,98,42,57.77,2426.34,14,0.77,"Great experience, will shop again!"
5411,31,Female,USA,126999,91,40,60.62,2424.7999999999997,12,0.1,Very satisfied with my purchase.
7817,59,Male,USA,108670,79,39,62.16,2424.24,12,0.31,Excellent customer service.
7516,54,Male,UK,146377,56,37,65.46,2422.02,11,0.39,"Great experience, will shop again!"
674,66,Female,UK,174237,60,32,75.66,2421.12,8,0.92,Difficult to navigate the website.
727,63,Male,USA,151644,93,39,62.01,2418.39,12,0.1,The website is easy to use.
542,33,Female,USA,111326,96,35,69.08,2417.7999999999997,9,0.68,Very satisfied with my purchase.
9974,56,Female,India,72904,87,42,57.55,2417.1,15,0.49,Excellent customer service.
1127,62,Female,USA,170528,57,41,58.95,2416.9500000000003,13,0.23,Good quality and value for money.
9981,68,Female,Japan,177058,35,39,61.97,2416.83,13,0.47,"Great experience, will shop again!"
3661,39,Male,USA,87334,89,43,56.2,2416.6,14,0.07,Very satisfied with my purchase.
1008,56,Female,Australia,141771,88,40,60.39,2415.6,12,0.86,Excellent customer service.
3986,61,Female,India,87996,77,44,54.84,2412.96,15,0.02,Love the products and fast shipping.
8992,56,Female,Germany,115936,83,39,61.87,2412.93,13,0.42,"Great experience, will shop again!"
910,59,Female,USA,167152,75,35,68.94,2412.9,9,0.6,Good quality and value for money.
6570,69,Male,Germany,160752,51,40,60.32,2412.8,13,0.8,Love the products and fast shipping.
6885,60,Male,UK,98004,74,42,57.43,2412.06,14,0.77,Love the products and fast shipping.
300,51,Male,Australia,163129,84,38,63.47,2411.86,11,0.3,"Great experience, will shop again!"
346,61,Male,Japan,164608,53,36,66.99,2411.64,11,0.09,Excellent customer service.
6797,44,Male,USA,118254,83,35,68.86,2410.1,10,0.55,Good quality and value for money.
3106,32,Female,UK,69242,91,40,60.23,2409.2,14,0.01,Very satisfied with my purchase.
4598,39,Male,Brazil,67728,80,41,58.73,2407.93,15,0.59,Excellent customer service.
7656,69,Male,Canada,174180,71,32,75.2,2406.4,7,0.84,Love the products and fast shipping.
695,55,Male,USA,90410,69,42,57.27,2405.34,15,0.46,The website is easy to use.
9076,70,Male,USA,159170,33,37,64.96,2403.52,13,0.58,"Great experience, will shop again!"
2596,52,Male,USA,112300,57,38,63.19,2401.22,14,0.39,Excellent customer service.
7823,36,Female,UK,58605,91,41,58.56,2400.96,14,0.14,Excellent customer service.
7135,61,Male,UK,132751,83,37,64.88,2400.56,10,0.71,Very satisfied with my purchase.
8873,34,Male,USA,123992,92,36,66.57,2396.5199999999995,11,0.39,"Great experience, will shop again!"
7989,53,Male,Germany,163240,78,39,61.43,2395.77,11,0.5,Good quality and value for money.
7190,52,Male,Australia,142592,66,35,68.45,2395.75,10,0.64,Love the products and fast shipping.
4606,46,Female,USA,174130,36,34,70.45,2395.3,10,0.7,"Great experience, will shop again!"
4032,44,Female,USA,58547,79,42,57.03,2395.26,15,0.01,The website is easy to use.
9435,44,Female,UK,140636,35,38,63.0,2394.0,13,0.74,Excellent customer service.
7036,63,Female,Germany,85065,72,42,56.97,2392.74,15,0.93,"Great experience, will shop again!"
3623,53,Male,Australia,151146,62,42,56.95,2391.9,13,0.82,Good quality and value for money.
501,55,Male,USA,94288,82,39,61.32,2391.48,13,0.72,The website is easy to use.
5343,33,Female,Japan,110689,99,43,55.6,2390.8,13,0.29,"Great experience, will shop again!"
7669,37,Male,Australia,123795,93,42,56.91,2390.22,13,0.55,Excellent customer service.
303,61,Male,USA,146572,39,38,62.9,2390.2,12,0.23,"Great experience, will shop again!"
2772,62,Female,Canada,104329,72,41,58.24,2387.84,13,0.92,"Great experience, will shop again!"
2339,51,Female,Australia,158686,49,41,58.19,2385.79,13,0.46,The website is easy to use.
7787,39,Female,USA,119214,76,46,51.86,2385.56,15,0.28,Very satisfied with my purchase.
4599,32,Male,Canada,142511,68,39,61.16,2385.24,12,0.54,"Great experience, will shop again!"
8293,65,Female,Canada,166305,45,44,54.19,2384.3599999999997,15,0.37,Good quality and value for money.
2133,63,Male,USA,80750,54,42,56.77,2384.34,15,0.47,Love the products and fast shipping.
287,66,Female,USA,112222,73,42,56.74,2383.08,15,0.94,The website is easy to use.
8731,43,Female,Germany,108609,58,39,61.08,2382.12,14,0.62,"Great experience, will shop again!"
6790,31,Male,Canada,135602,50,40,59.55,2382.0,13,0.85,Very satisfied with my purchase.
4744,53,Female,USA,112318,63,39,61.03,2380.17,14,0.83,Love the products and fast shipping.
7532,39,Male,Canada,118760,76,44,54.03,2377.32,15,0.84,Good quality and value for money.
8408,47,Male,USA,159230,68,36,66.02,2376.72,11,0.69,The website is easy to use.
2675,58,Male,Brazil,59493,87,41,57.87,2372.67,15,0.48,Very satisfied with my purchase.
543,59,Female,UK,108703,100,43,55.17,2372.31,14,0.0,Very satisfied with my purchase.
4811,46,Male,Japan,158895,62,43,55.15,2371.45,14,0.61,Very satisfied with my purchase.
4982,59,Male,Australia,155008,96,30,79.03,2370.9,7,0.98,Love the products and fast shipping.
2280,62,Female,UK,85969,67,41,57.82,2370.62,14,0.22,Very satisfied with my purchase.
5268,62,Male,UK,133767,55,41,57.81,2370.21,15,0.66,Excellent customer service.
6926,58,Female,Germany,62458,86,44,53.86,2369.84,15,0.87,"Great experience, will shop again!"
2513,36,Male,USA,132677,83,40,59.24,2369.6,12,0.31,Love the products and fast shipping.
7593,66,Male,Germany,135463,76,40,59.24,2369.6,12,0.39,Excellent customer service.
1864,52,Female,India,82488,67,42,56.41,2369.22,15,0.13,"Great experience, will shop again!"
6824,64,Female,Germany,120600,76,37,64.02,2368.74,12,0.11,Excellent customer service.
8036,38,Female,UK,131385,68,35,67.61,2366.35,11,0.96,The website is easy to use.
3768,57,Female,India,92643,99,35,67.56,2364.6,9,0.15,Very satisfied with my purchase.
1128,66,Female,Canada,120382,77,40,59.1,2364.0,13,0.56,Good quality and value for money.
3472,31,Male,Australia,115267,89,38,62.21,2363.98,12,0.0,Very satisfied with my purchase.
7727,47,Female,Germany,130588,93,34,69.48,2362.32,8,0.61,Excellent customer service.
3456,59,Female,USA,129117,66,43,54.9,2360.7,15,0.49,Shipping was too slow.
9945,64,Female,Australia,146470,17,40,59.01,2360.4,15,0.84,Excellent customer service.
8767,64,Female,Brazil,63612,90,41,57.54,2359.14,14,0.66,Very satisfied with my purchase.
8436,54,Female,Australia,124600,91,33,71.47,2358.5099999999998,9,0.66,Excellent customer service.
5632,36,Male,UK,139756,51,41,57.52,2358.32,15,0.66,Good quality and value for money.
5773,69,Female,USA,128858,50,41,57.51,2357.91,14,0.68,"Great experience, will shop again!"
2794,42,Female,Australia,115151,86,34,69.3,2356.2,9,0.06,Love the products and fast shipping.
6937,62,Female,Canada,148532,87,41,57.45,2355.4500000000003,13,0.85,The website is easy to use.
8509,30,Female,UK,134884,68,36,65.42,2355.12,11,0.44,Love the products and fast shipping.
7924,31,Male,USA,145613,88,31,75.96,2354.7599999999998,7,0.53,Very satisfied with my purchase.
5071,32,Male,Canada,103306,77,39,60.33,2352.87,13,0.75,Good quality and value for money.
5657,63,Male,Germany,172663,93,35,67.2,2352.0,8,0.84,"Great experience, will shop again!"
3954,42,Female,Australia,141837,87,35,67.11,2348.85,10,0.0,The website is easy to use.
2640,70,Female,Canada,120742,55,40,58.68,2347.2,14,0.32,"Great experience, will shop again!"
7767,45,Male,Brazil,71352,98,39,60.18,2347.02,13,0.81,Excellent customer service.
7142,46,Female,France,79634,80,39,60.17,2346.63,13,0.61,Very satisfied with my purchase.
20,27,Male,Germany,128322,100,35,67.03,2346.05,9,0.99,Very satisfied with my purchase.
7082,46,Male,Germany,108226,78,36,65.15,2345.4,11,0.8,Excellent customer service.
8500,44,Female,USA,132871,29,39,60.13,2345.07,14,0.24,Excellent customer service.
8645,36,Male,USA,148633,68,37,63.38,2345.06,11,0.8,"Great experience, will shop again!"
3016,57,Male,South Africa,83497,94,38,61.7,2344.6,12,0.03,"Great experience, will shop again!"
5613,45,Male,USA,89433,63,42,55.82,2344.44,15,0.24,Very satisfied with my purchase.
2260,70,Male,India,94510,77,40,58.54,2341.6,13,0.56,Excellent customer service.
7160,46,Female,UK,72170,96,42,55.72,2340.24,14,0.57,The website is easy to use.
6345,55,Male,USA,94209,100,34,68.83,2340.22,9,0.53,Very satisfied with my purchase.
601,64,Female,USA,147841,24,41,57.07,2339.87,15,0.83,Customer service was unhelpful.
598,42,Female,Canada,113138,85,35,66.82,2338.7,10,0.3,Excellent customer service.
8137,69,Female,Canada,142249,30,41,57.03,2338.23,15,0.3,Excellent customer service.
4759,55,Male,Japan,174858,89,36,64.95,2338.2000000000003,9,0.59,Excellent customer service.
5954,61,Male,USA,177903,52,33,70.85,2338.0499999999997,10,0.85,The website is easy to use.
310,67,Male,UK,162555,20,36,64.93,2337.4800000000005,12,0.54,Very satisfied with my purchase.
1146,46,Female,India,69001,70,41,57.01,2337.41,14,0.21,Excellent customer service.
4831,46,Male,USA,173761,1,37,63.14,2336.18,14,0.24,Customer service was unhelpful.
8096,65,Male,Germany,137965,20,40,58.4,2336.0,15,0.11,Love the products and fast shipping.
2528,51,Male,India,74360,72,43,54.31,2335.33,15,0.89,The website is easy to use.
3834,48,Male,USA,165782,65,33,70.76,2335.0800000000004,9,0.78,The website is easy to use.
2737,35,Female,Australia,135804,15,41,56.9,2332.9,15,0.84,The website is easy to use.
1968,32,Male,Australia,84668,75,40,58.31,2332.4,14,0.76,I will not be shopping here again.
1740,62,Male,USA,139612,44,40,58.3,2332.0,15,0.68,Love the products and fast shipping.
6243,69,Male,USA,79285,99,37,63.02,2331.7400000000002,12,0.11,Good quality and value for money.
1443,45,Male,Germany,128121,97,38,61.36,2331.68,11,0.64,Excellent customer service.
4725,33,Male,Japan,97465,90,37,63.0,2331.0,11,0.11,Excellent customer service.
5846,70,Female,Germany,129457,48,41,56.84,2330.44,15,0.63,Excellent customer service.
6069,50,Female,Germany,146902,99,32,72.74,2327.68,8,0.3,Good quality and value for money.
4685,54,Female,USA,137305,58,43,54.06,2324.58,15,0.16,Good quality and value for money.
7083,55,Female,USA,85234,81,38,61.16,2324.08,13,0.85,Good quality and value for money.
2082,47,Female,USA,163996,81,37,62.77,2322.4900000000002,10,0.86,Love the products and fast shipping.
6866,52,Female,Australia,115900,86,39,59.55,2322.45,12,0.84,Excellent customer service.
8800,66,Male,UK,178800,42,33,70.32,2320.56,10,0.29,"Great experience, will shop again!"
4576,54,Female,Germany,157282,38,36,64.45,2320.2000000000003,12,0.17,Excellent customer service.
8090,27,Male,Japan,128914,96,31,74.81,2319.11,8,0.23,Love the products and fast shipping.
3415,62,Female,Canada,124339,81,38,61.02,2318.76,11,0.52,Love the products and fast shipping.
3925,67,Male,Japan,149918,59,43,53.89,2317.27,14,0.77,Excellent customer service.
6555,39,Female,Japan,138546,45,40,57.93,2317.2,14,0.24,Love the products and fast shipping.
1432,55,Female,UK,131263,97,41,56.47,2315.27,12,0.19,Very satisfied with my purchase.
7935,68,Male,Australia,149544,60,37,62.56,2314.7200000000003,12,0.17,Very satisfied with my purchase.
7317,56,Female,Brazil,91057,80,43,53.83,2314.69,15,0.66,Love the products and fast shipping.
4916,42,Male,USA,142045,95,39,59.35,2314.65,11,0.48,Love the products and fast shipping.
2285,65,Female,UK,100203,69,44,52.6,2314.4,15,0.02,Very satisfied with my purchase.
6484,67,Male,USA,129517,60,41,56.44,2314.04,14,0.83,"Great experience, will shop again!"
5383,34,Female,USA,100483,93,39,59.3,2312.7,13,0.12,Love the products and fast shipping.
7364,40,Male,USA,148567,83,34,67.99,2311.66,9,0.93,Excellent customer service.
5286,40,Male,Australia,140370,75,33,70.04,2311.32,9,0.69,"Great experience, will shop again!"
8526,68,Female,Brazil,80167,83,38,60.82,2311.16,13,0.0,Excellent customer service.
9625,70,Female,USA,172100,64,34,67.91,2308.94,9,0.64,Love the products and fast shipping.
6567,59,Female,Germany,160756,55,37,62.38,2308.06,11,0.96,Excellent customer service.
8336,66,Female,Japan,154101,76,38,60.73,2307.74,10,0.7,Love the products and fast shipping.
3853,46,Female,Australia,179713,30,33,69.92,2307.36,11,0.7,The website is easy to use.
2160,53,Female,Germany,144519,97,32,72.1,2307.2,8,0.36,The website is easy to use.
1634,48,Female,Japan,172724,45,41,56.23,2305.43,14,0.16,Good quality and value for money.
932,57,Male,India,63046,96,38,60.66,2305.08,13,0.26,Love the products and fast shipping.
4533,39,Male,USA,50062,99,42,54.87,2304.54,15,0.21,Good quality and value for money.
1394,65,Male,Germany,105030,96,45,51.21,2304.45,15,0.15,Good quality and value for money.
9936,25,Male,UK,140509,97,30,76.8,2304.0,6,0.7,Excellent customer service.
830,70,Male,USA,141746,64,41,56.14,2301.7400000000002,13,0.04,"Great experience, will shop again!"
4593,62,Male,USA,136240,43,35,65.71,2299.85,12,0.08,Good quality and value for money.
8656,57,Male,Germany,160087,81,34,67.6,2298.3999999999996,8,0.61,Love the products and fast shipping.
1879,44,Male,USA,147463,70,41,56.04,2297.64,12,0.24,The website is easy to use.
2516,49,Male,USA,77935,62,41,56.04,2297.64,15,0.83,Excellent customer service.
452,65,Female,France,64161,94,45,51.04,2296.8,15,0.37,Love the products and fast shipping.
2458,68,Female,Germany,159844,72,38,60.44,2296.72,11,0.18,Love the products and fast shipping.
2642,37,Male,Canada,104105,77,43,53.4,2296.2,14,0.99,Love the products and fast shipping.
4414,49,Male,UK,125570,63,41,55.99,2295.59,14,0.07,Excellent customer service.
698,50,Female,USA,85222,68,39,58.86,2295.54,14,0.69,Very satisfied with my purchase.
837,46,Male,Australia,169791,8,40,57.38,2295.2000000000003,15,0.63,The website is easy to use.
6811,62,Male,Australia,143984,39,35,65.57,2294.95,12,0.17,Good quality and value for money.
6715,62,Male,USA,64635,80,40,57.37,2294.7999999999997,15,0.71,Love the products and fast shipping.
6703,63,Female,Germany,170912,4,41,55.97,2294.77,15,0.33,Good quality and value for money.
1013,55,Female,USA,153535,29,36,63.72,2293.92,12,0.95,Shipping was too slow.
8810,62,Female,USA,98990,86,37,61.99,2293.63,12,0.69,Excellent customer service.
1539,41,Male,USA,130175,23,38,60.34,2292.92,14,0.57,Very satisfied with my purchase.
4722,37,Female,Australia,135153,58,44,52.1,2292.4,15,0.66,Excellent customer service.
5997,41,Female,Australia,137053,82,41,55.89,2291.4900000000002,13,0.94,Good quality and value for money.
3753,49,Male,Australia,90921,96,36,63.65,2291.4,10,0.91,Love the products and fast shipping.
540,46,Male,India,60174,97,38,60.29,2291.02,13,0.71,Good quality and value for money.
5753,46,Male,UK,110005,92,33,69.42,2290.86,9,0.19,Good quality and value for money.
8852,69,Female,Germany,156721,82,34,67.34,2289.56,9,0.27,Love the products and fast shipping.
9664,59,Male,Germany,141260,61,35,65.4,2289.0,11,0.29,The website is easy to use.
3844,58,Female,USA,131931,48,39,58.69,2288.91,13,0.5,Love the products and fast shipping.
9295,66,Male,Australia,170802,20,35,65.36,2287.6,12,0.51,Excellent customer service.
2252,51,Female,Canada,142594,36,42,54.46,2287.32,15,0.74,Excellent customer service.
9513,47,Male,UK,126192,61,35,65.25,2283.75,10,0.63,The website is easy to use.
6719,42,Male,UK,62404,100,45,50.72,2282.4,15,0.04,The website is easy to use.
8486,51,Female,Canada,119011,96,33,69.15,2281.9500000000003,9,0.72,Good quality and value for money.
2153,44,Male,Australia,124824,66,44,51.86,2281.84,15,0.85,"Poor quality, item broke after a week."
2787,68,Female,USA,138706,31,37,61.67,2281.79,13,0.73,The website is easy to use.
1667,66,Female,Germany,161660,30,41,55.64,2281.2400000000002,14,0.33,The website is easy to use.
1799,61,Male,USA,124813,87,38,60.02,2280.76,12,0.75,The website is easy to use.
2375,53,Female,France,30046,99,41,55.61,2280.0099999999998,14,0.37,Love the products and fast shipping.
189,53,Female,India,71049,82,41,55.59,2279.19,14,0.63,"Great experience, will shop again!"
2565,59,Female,India,80112,95,37,61.57,2278.09,12,0.58,"Great experience, will shop again!"
7362,39,Male,USA,144692,29,39,58.4,2277.6,13,0.31,"Great experience, will shop again!"
8265,34,Female,Japan,127090,68,44,51.75,2277.0,14,0.6,The website is easy to use.
48,42,Female,Japan,103250,66,41,55.52,2276.32,14,0.17,The website is easy to use.
761,52,Male,USA,113592,68,41,55.52,2276.32,14,0.29,Good quality and value for money.
3020,69,Female,India,73897,79,40,56.87,2274.7999999999997,13,0.25,The website is easy to use.
8522,46,Male,USA,107130,92,34,66.86,2273.24,10,0.08,"Great experience, will shop again!"
9222,38,Female,USA,115501,43,42,54.11,2272.62,15,0.19,Love the products and fast shipping.
1114,56,Female,Australia,168003,84,34,66.81,2271.54,9,0.64,The website is easy to use.
7383,48,Male,UK,104812,90,39,58.24,2271.36,12,0.14,"Great experience, will shop again!"
7640,59,Male,UK,156742,61,35,64.88,2270.7999999999997,10,0.31,Very satisfied with my purchase.
1370,46,Female,USA,148779,54,42,54.05,2270.1,14,0.06,Love the products and fast shipping.
8935,33,Female,USA,131123,55,37,61.3,2268.1,12,0.71,Good quality and value for money.
161,69,Female,Canada,154762,67,31,73.16,2267.96,8,0.33,Good quality and value for money.
7116,70,Male,Japan,166419,77,31,73.16,2267.96,8,0.35,The website is easy to use.
9706,30,Female,USA,135710,73,34,66.68,2267.1200000000003,9,0.97,"Great experience, will shop again!"
5,69,Female,UK,110678,40,38,59.64,2266.32,13,0.49,Excellent customer service.
9350,60,Male,Canada,53678,70,42,53.96,2266.32,15,0.64,Love the products and fast shipping.
6450,42,Female,USA,116234,73,40,56.65,2266.0,14,0.18,The website is easy to use.
9195,40,Female,Canada,144757,50,39,58.1,2265.9,13,0.97,The website is easy to use.
752,49,Female,USA,161946,48,33,68.66,2265.7799999999997,9,0.71,"Great experience, will shop again!"
167,56,Male,USA,129703,48,40,56.64,2265.6,14,0.54,The website is easy to use.
708,45,Male,Germany,140802,31,37,61.22,2265.14,13,0.21,Very satisfied with my purchase.
6660,52,Female,Germany,78580,88,40,56.61,2264.4,13,0.24,Love the products and fast shipping.
9807,54,Female,India,29083,100,44,51.45,2263.8,15,0.61,The website is easy to use.
2225,37,Female,India,62834,84,40,56.59,2263.6000000000004,15,0.43,Good quality and value for money.
2498,64,Male,USA,97988,92,44,51.42,2262.48,14,0.53,The website is easy to use.
8551,67,Female,Canada,107521,45,40,56.55,2262.0,15,0.54,"Great experience, will shop again!"
7095,29,Male,Germany,118772,60,36,62.82,2261.52,11,0.16,The website is easy to use.
262,54,Female,USA,88002,93,37,61.12,2261.44,12,0.46,Excellent customer service.
2645,68,Female,Japan,168075,84,34,66.48,2260.32,9,0.83,"Great experience, will shop again!"
7238,63,Female,USA,158334,72,33,68.48,2259.84,9,0.79,Excellent customer service.
3443,60,Female,India,85993,98,38,59.44,2258.72,11,0.72,"Great experience, will shop again!"
8054,62,Female,India,71246,82,38,59.42,2257.96,13,0.89,Love the products and fast shipping.
610,37,Male,USA,144129,94,31,72.83,2257.73,7,0.12,Love the products and fast shipping.
295,31,Female,Australia,96426,77,39,57.84,2255.76,12,0.92,Love the products and fast shipping.
6308,49,Female,Canada,159285,83,31,72.76,2255.56,6,0.17,"Great experience, will shop again!"
9620,50,Female,Canada,119841,82,37,60.95,2255.15,12,0.85,Excellent customer service.
7752,36,Female,USA,126201,73,38,59.33,2254.54,12,0.61,Excellent customer service.
1548,68,Male,Australia,123387,52,43,52.42,2254.06,15,0.09,Love the products and fast shipping.
5160,45,Female,Japan,70537,95,43,52.4,2253.2,14,0.11,Love the products and fast shipping.
8485,36,Female,USA,116619,36,40,56.3,2252.0,15,0.03,Excellent customer service.
5711,45,Female,USA,106341,88,34,66.2,2250.8,9,0.31,Love the products and fast shipping.
2105,33,Female,USA,125784,87,38,59.23,2250.74,11,0.77,The website is easy to use.
7969,67,Female,Japan,138094,88,30,75.02,2250.6,7,0.89,"Great experience, will shop again!"
1843,42,Male,Canada,99799,75,37,60.82,2250.34,12,0.68,The website is easy to use.
786,50,Male,USA,129872,71,36,62.5,2250.0,11,0.39,Good quality and value for money.
2143,55,Female,Australia,81309,82,37,60.81,2249.9700000000003,13,0.39,Good quality and value for money.
706,43,Male,USA,98914,75,44,51.13,2249.7200000000003,15,0.34,The website is easy to use.
3095,68,Male,Germany,142488,98,34,66.16,2249.44,9,0.89,The website is easy to use.
8583,51,Female,UK,177301,42,35,64.25,2248.75,10,0.51,Very satisfied with my purchase.
9228,49,Female,USA,131994,37,40,56.2,2248.0,14,0.17,Excellent customer service.
402,55,Male,UK,147808,73,35,64.22,2247.7,10,0.79,Very satisfied with my purchase.
4505,56,Male,UK,74496,77,41,54.81,2247.21,14,0.69,Love the products and fast shipping.
7777,62,Female,Canada,151467,46,39,57.61,2246.79,14,0.85,Difficult to navigate the website.
5771,62,Male,USA,144160,98,31,72.47,2246.57,6,0.6,Very satisfied with my purchase.
2292,44,Female,USA,114608,38,39,57.6,2246.4,14,0.84,Love the products and fast shipping.
2953,41,Male,Canada,98052,71,36,62.4,2246.4,11,0.19,"Great experience, will shop again!"
4687,42,Female,UK,112509,89,35,64.16,2245.6,11,0.61,The website is easy to use.
1099,68,Female,Germany,104002,84,34,65.98,2243.32,9,0.72,Excellent customer service.
3243,34,Female,Canada,136094,42,36,62.15,2237.4,13,0.9,The website is easy to use.
4602,48,Male,USA,66547,98,38,58.87,2237.06,11,0.78,Love the products and fast shipping.
5956,70,Female,Germany,95044,66,37,60.4,2234.7999999999997,12,0.16,"Great experience, will shop again!"
1505,38,Male,Australia,114703,98,36,62.07,2234.52,10,0.31,"Great experience, will shop again!"
3448,62,Female,USA,95190,94,43,51.95,2233.85,15,0.69,Love the products and fast shipping.
948,45,Male,Germany,68487,82,43,51.91,2232.1299999999997,15,0.8,Very satisfied with my purchase.
6307,46,Male,Japan,145839,42,40,55.77,2230.8,15,0.79,Good quality and value for money.
9582,49,Female,USA,176034,38,36,61.95,2230.2000000000003,12,0.71,The website is easy to use.
5053,48,Female,Germany,123326,95,40,55.74,2229.6,12,0.37,Good quality and value for money.
7130,44,Female,UK,136774,48,37,60.25,2229.25,13,0.79,The website is easy to use.
7821,43,Female,UK,88144,88,39,57.16,2229.24,12,0.35,Very satisfied with my purchase.
9145,43,Female,Canada,47348,96,39,57.16,2229.24,13,0.99,"Great experience, will shop again!"
9019,70,Male,South Africa,88713,93,39,57.12,2227.68,12,0.41,Love the products and fast shipping.
7949,48,Male,Canada,178276,72,30,74.2,2226.0,7,0.68,Very satisfied with my purchase.
4848,55,Female,UK,143185,89,32,69.52,2224.64,8,0.26,Very satisfied with my purchase.
9997,44,Male,USA,95367,86,41,54.22,2223.02,13,0.19,"Great experience, will shop again!"
3573,55,Female,USA,171441,96,31,71.71,2223.0099999999998,6,0.11,Love the products and fast shipping.
2618,41,Female,USA,126191,34,36,61.73,2222.2799999999997,13,0.08,Good quality and value for money.
5840,33,Male,UK,126630,56,41,54.2,2222.2000000000003,15,0.21,Good quality and value for money.
3877,51,Male,Germany,150262,76,37,60.05,2221.85,10,0.96,"Great experience, will shop again!"
5066,32,Female,Germany,123013,77,34,65.31,2220.54,10,0.29,Love the products and fast shipping.
1765,42,Female,USA,130513,96,38,58.42,2219.96,11,0.88,Love the products and fast shipping.
5617,61,Female,Australia,158176,88,31,71.51,2216.81,7,0.9,Good quality and value for money.
5579,68,Male,Japan,122420,61,37,59.9,2216.2999999999997,12,0.52,The website is easy to use.
4424,47,Male,France,92586,87,41,54.03,2215.23,13,0.64,Very satisfied with my purchase.
8136,37,Female,Japan,112885,81,33,67.11,2214.63,10,0.94,The website is easy to use.
7886,60,Female,UK,121557,54,40,55.33,2213.2,14,0.33,Love the products and fast shipping.
175,39,Male,UK,141417,79,36,61.47,2212.92,10,0.15,The website is easy to use.
1173,42,Male,USA,80755,96,42,52.67,2212.14,14,0.81,Very satisfied with my purchase.
238,58,Male,USA,174128,77,29,76.25,2211.25,6,0.05,Love the products and fast shipping.
9959,57,Female,Japan,150768,93,29,76.11,2207.19,7,0.54,Excellent customer service.
9652,66,Male,USA,161853,33,41,53.83,2207.0299999999997,14,0.04,Very satisfied with my purchase.
1994,69,Female,Canada,158704,46,34,64.86,2205.24,11,0.6,"Great experience, will shop again!"
8863,42,Female,UK,83186,76,37,59.57,2204.09,13,0.97,The website is easy to use.
5701,67,Female,Australia,125413,83,41,53.74,2203.34,13,0.11,The website is easy to use.
6654,36,Female,UK,127915,28,41,53.74,2203.34,15,0.42,The website is easy to use.
7780,55,Male,Canada,107304,35,39,56.49,2203.11,15,0.15,Good quality and value for money.
1161,65,Male,Brazil,89074,87,44,50.07,2203.08,15,0.84,Excellent customer service.
687,30,Male,Japan,136642,61,37,59.54,2202.98,12,0.06,Excellent customer service.
1413,45,Male,Japan,84369,89,38,57.97,2202.86,12,0.24,Love the products and fast shipping.
6711,44,Male,UK,101296,65,36,61.19,2202.84,12,0.05,Difficult to navigate the website.
1282,67,Female,USA,91365,92,39,56.46,2201.94,12,0.04,The website is easy to use.
7308,37,Female,USA,141723,37,42,52.42,2201.64,15,0.94,"Great experience, will shop again!"
616,63,Male,Japan,91724,49,39,56.45,2201.55,14,0.37,Very satisfied with my purchase.
4216,41,Male,Australia,132643,74,38,57.93,2201.34,11,0.29,Love the products and fast shipping.
3375,32,Female,Australia,94904,94,34,64.7,2199.8,10,0.78,I will not be shopping here again.
3669,47,Female,Canada,112194,75,45,48.87,2199.15,15,0.96,The website is easy to use.
6768,70,Male,Japan,141366,61,35,62.82,2198.7,11,0.58,"Great experience, will shop again!"
2755,69,Male,USA,99582,53,40,54.96,2198.4,15,0.58,Good quality and value for money.
5146,49,Male,Australia,53334,95,44,49.91,2196.04,15,0.94,Very satisfied with my purchase.
3407,57,Female,UK,143606,81,30,73.16,2194.7999999999997,6,0.07,Excellent customer service.
1997,45,Male,Canada,145214,90,38,57.74,2194.12,11,0.92,"Great experience, will shop again!"
6078,64,Male,Brazil,29199,99,42,52.24,2194.08,15,0.92,Excellent customer service.
504,41,Male,Australia,136380,46,38,57.72,2193.36,13,0.28,The website is easy to use.
8234,57,Female,UK,125815,73,37,59.28,2193.36,11,0.66,The website is easy to use.
7756,60,Male,Canada,108762,61,37,59.25,2192.25,12,0.56,"Great experience, will shop again!"
6011,49,Male,Canada,160408,81,34,64.45,2191.3,8,0.32,Very satisfied with my purchase.
2523,51,Male,South Africa,80914,89,45,48.69,2191.0499999999997,15,0.84,Very satisfied with my purchase.
1454,52,Female,Canada,159280,98,29,75.54,2190.6600000000003,6,0.21,Excellent customer service.
6785,54,Male,South Africa,58616,86,44,49.78,2190.32,15,0.2,Very satisfied with my purchase.
4545,57,Male,USA,166633,37,42,52.15,2190.2999999999997,15,0.19,Love the products and fast shipping.
5853,38,Male,India,33935,93,41,53.42,2190.2200000000003,14,0.81,Love the products and fast shipping.
4090,46,Female,UK,145230,79,34,64.4,2189.6000000000004,9,0.38,Good quality and value for money.
2716,32,Male,USA,129466,41,39,56.14,2189.46,14,0.65,The website is easy to use.
158,58,Male,Canada,166503,59,38,57.6,2188.8,12,0.68,Love the products and fast shipping.
7202,50,Male,Japan,132616,44,39,56.11,2188.29,14,0.39,Good quality and value for money.
1880,42,Male,Japan,99018,91,34,64.34,2187.56,10,0.18,Love the products and fast shipping.
3133,33,Female,USA,41704,96,43,50.82,2185.26,15,0.95,Excellent customer service.
1962,50,Male,USA,87288,79,37,59.01,2183.37,12,0.97,"Great experience, will shop again!"
9289,39,Female,Australia,128710,73,39,55.98,2183.22,13,0.86,Love the products and fast shipping.
1781,55,Male,Canada,108038,98,34,64.21,2183.14,10,0.92,"Great experience, will shop again!"
2753,37,Male,USA,104010,73,36,60.62,2182.3199999999997,11,0.94,Very satisfied with my purchase.
7535,48,Male,Germany,114127,66,39,55.94,2181.66,14,0.65,Very satisfied with my purchase.
5886,52,Male,UK,89845,82,41,53.2,2181.2000000000003,14,0.78,"Great experience, will shop again!"
7586,70,Male,USA,147417,56,43,50.72,2180.96,15,0.93,Good quality and value for money.
4534,59,Male,India,48988,89,38,57.37,2180.06,14,0.69,Very satisfied with my purchase.
2069,65,Male,Germany,178692,38,34,64.11,2179.74,11,0.79,"Great experience, will shop again!"
1165,55,Male,Germany,157156,37,33,66.04,2179.32,10,0.52,Love the products and fast shipping.
8753,32,Male,USA,90496,98,38,57.35,2179.3,12,0.28,Love the products and fast shipping.
7416,47,Male,Brazil,73803,99,37,58.9,2179.2999999999997,11,0.83,Very satisfied with my purchase.
5601,67,Male,USA,121740,99,37,58.86,2177.82,10,0.28,Good quality and value for money.
3756,33,Female,Brazil,42051,81,40,54.44,2177.6,14,0.9,"Great experience, will shop again!"
1643,66,Female,UK,179494,41,32,68.04,2177.28,9,0.7,"Great experience, will shop again!"
140,59,Male,UK,140426,9,38,57.29,2177.02,15,0.22,Love the products and fast shipping.
90,46,Male,France,61611,95,39,55.82,2176.98,12,0.04,Love the products and fast shipping.
1366,53,Male,USA,162873,25,40,54.38,2175.2000000000003,15,0.62,I will not be shopping here again.
8986,51,Female,USA,67123,77,43,50.58,2174.94,15,0.81,Love the products and fast shipping.
1086,31,Male,India,74112,82,37,58.75,2173.75,12,0.32,Very satisfied with my purchase.
9445,63,Female,Brazil,90091,90,40,54.25,2170.0,12,0.08,The website is easy to use.
6007,51,Female,USA,150158,72,32,67.81,2169.92,8,0.48,Love the products and fast shipping.
7706,28,Male,Canada,69634,100,34,63.82,2169.88,9,0.72,"Great experience, will shop again!"
5000,57,Male,Germany,170863,51,39,55.63,2169.57,13,0.3,Good quality and value for money.
7296,47,Male,Canada,170119,22,37,58.61,2168.57,12,0.7,Excellent customer service.
8278,33,Male,India,55083,93,37,58.59,2167.83,12,0.16,Very satisfied with my purchase.
4866,38,Male,Australia,137705,76,34,63.7,2165.8,9,0.64,Very satisfied with my purchase.
3188,58,Female,Canada,144104,82,29,74.65,2164.8500000000004,6,0.78,Excellent customer service.
4631,59,Male,Germany,162697,80,34,63.65,2164.1,9,0.94,Love the products and fast shipping.
2910,30,Male,USA,98745,98,41,52.75,2162.75,12,0.56,"Great experience, will shop again!"
87,46,Female,USA,144175,61,40,54.04,2161.6,14,0.97,Excellent customer service.
5152,61,Female,UK,171561,31,35,61.75,2161.25,11,0.82,I will not be shopping here again.
7757,56,Female,Canada,91410,51,39,55.38,2159.82,15,0.14,Excellent customer service.
3134,63,Male,USA,173073,26,31,69.67,2159.77,10,0.62,Good quality and value for money.
4314,68,Female,India,49688,82,39,55.35,2158.65,14,0.89,The website is easy to use.
6117,68,Female,USA,136994,60,43,50.19,2158.17,15,0.56,Good quality and value for money.
197,66,Female,Brazil,85644,90,43,50.18,2157.74,14,0.84,"Great experience, will shop again!"
6239,68,Male,USA,120446,89,31,69.59,2157.29,8,0.75,"Great experience, will shop again!"
200,39,Male,Japan,144866,92,31,69.57,2156.6699999999996,7,0.92,Excellent customer service.
7918,43,Male,Brazil,75599,78,40,53.91,2156.3999999999996,15,0.22,Good quality and value for money.
3766,54,Female,USA,150187,38,37,58.28,2156.36,12,0.56,Love the products and fast shipping.
2888,68,Female,USA,93637,100,38,56.73,2155.74,12,0.33,The website is easy to use.
9850,58,Male,India,34298,93,42,51.32,2155.44,15,0.3,Very satisfied with my purchase.
4723,49,Female,Germany,137509,36,34,63.39,2155.26,12,0.26,Very satisfied with my purchase.
3932,41,Female,Germany,128653,100,35,61.56,2154.6,9,0.14,"Great experience, will shop again!"
104,67,Male,Canada,176587,11,32,67.31,2153.92,11,0.48,The website is easy to use.
7449,52,Female,Japan,153631,91,36,59.83,2153.88,9,0.5,The website is easy to use.
5158,64,Male,Brazil,57999,80,39,55.21,2153.19,14,0.47,Excellent customer service.
5492,69,Female,India,84886,84,39,55.21,2153.19,13,0.47,Very satisfied with my purchase.
7951,54,Male,UK,165650,64,30,71.77,2153.1,8,0.18,Good quality and value for money.
4007,68,Female,USA,172236,12,35,61.42,2149.7000000000003,12,0.43,Very satisfied with my purchase.
877,68,Male,Brazil,92431,69,39,55.12,2149.68,14,0.98,"Poor quality, item broke after a week."
3994,53,Male,Canada,84310,94,36,59.7,2149.2000000000003,12,0.49,"Great experience, will shop again!"
6219,43,Female,Germany,92132,49,37,58.06,2148.2200000000003,14,0.71,The website is easy to use.
2766,37,Male,Australia,94313,82,37,58.04,2147.48,12,0.54,Very satisfied with my purchase.
8696,50,Female,USA,151016,47,37,58.04,2147.48,12,0.61,The website is easy to use.
7408,58,Male,India,94388,73,41,52.33,2145.5299999999997,14,0.02,The website is easy to use.
9645,60,Female,USA,156403,54,31,69.2,2145.2000000000003,8,0.57,The website is easy to use.
2544,67,Male,Australia,152251,87,35,61.26,2144.1,9,0.06,"Great experience, will shop again!"
2977,69,Male,Germany,105722,82,42,51.05,2144.1,13,0.84,Very satisfied with my purchase.
979,70,Female,India,86095,99,36,59.54,2143.44,11,0.47,The website is easy to use.
94,44,Male,USA,52614,93,41,52.26,2142.66,14,0.04,Very satisfied with my purchase.
3431,41,Male,USA,127740,33,38,56.38,2142.44,14,0.88,Love the products and fast shipping.
4929,57,Male,Canada,130756,61,38,56.38,2142.44,13,0.14,"Great experience, will shop again!"
4433,46,Male,South Africa,88250,74,40,53.53,2141.2,13,0.78,Love the products and fast shipping.
8324,59,Female,USA,130474,85,31,69.07,2141.1699999999996,8,0.9,The website is easy to use.
9062,51,Female,Germany,168271,94,32,66.89,2140.48,7,0.85,"Great experience, will shop again!"
5812,43,Female,UK,127526,93,33,64.86,2140.38,9,0.16,"Great experience, will shop again!"
4457,56,Male,UK,85026,66,41,52.19,2139.79,14,0.56,Love the products and fast shipping.
202,60,Male,USA,80281,65,39,54.85,2139.15,13,0.37,Very satisfied with my purchase.
1695,61,Male,Canada,111848,74,33,64.82,2139.06,9,0.64,Love the products and fast shipping.
4016,49,Female,USA,170378,6,33,64.82,2139.06,12,0.93,Customer service was unhelpful.
9396,34,Female,USA,85017,86,34,62.91,2138.94,11,0.87,Good quality and value for money.
9067,37,Female,Germany,147676,42,35,61.11,2138.85,12,0.74,"Great experience, will shop again!"
234,31,Male,Germany,147719,59,39,54.83,2138.37,12,0.22,The website is easy to use.
3815,67,Male,USA,68070,89,36,59.38,2137.6800000000003,11,0.26,Excellent customer service.
2038,52,Male,Canada,174099,45,31,68.93,2136.8300000000004,8,0.91,The website is easy to use.
6504,46,Male,Germany,132764,88,33,64.75,2136.75,8,0.67,Love the products and fast shipping.
3812,36,Female,Canada,126277,75,41,52.09,2135.69,14,0.94,The website is easy to use.
5200,43,Female,USA,87274,87,37,57.71,2135.27,12,0.46,Love the products and fast shipping.
5703,41,Female,Canada,107849,52,38,56.19,2135.22,13,0.98,"Great experience, will shop again!"
460,51,Female,UK,98082,91,40,53.37,2134.7999999999997,13,0.69,Excellent customer service.
755,35,Male,USA,149123,5,40,53.36,2134.4,15,0.53,The website is easy to use.
155,37,Male,USA,123418,94,34,62.77,2134.1800000000003,8,0.79,Very satisfied with my purchase.
9809,64,Male,UK,114684,69,33,64.67,2134.11,9,0.28,"Great experience, will shop again!"
7358,69,Male,India,87787,90,44,48.5,2134.0,14,0.43,Excellent customer service.
5587,63,Male,Japan,163374,3,38,56.13,2132.94,14,0.76,The website is easy to use.
5387,25,Female,Germany,123710,97,30,71.09,2132.7000000000003,6,0.43,Love the products and fast shipping.
4288,44,Female,Australia,145947,72,35,60.92,2132.2000000000003,10,0.83,Love the products and fast shipping.
8184,70,Female,UK,115413,31,36,59.22,2131.92,14,0.99,The website is easy to use.
5503,66,Male,India,46550,80,41,51.99,2131.59,15,0.87,Very satisfied with my purchase.
5217,39,Female,Japan,128363,23,36,59.21,2131.56,13,0.26,Love the products and fast shipping.
6265,57,Female,UK,174441,43,32,66.6,2131.2,10,0.64,Very satisfied with my purchase.
3917,31,Female,USA,135035,99,33,64.57,2130.81,7,0.33,Excellent customer service.
939,39,Female,USA,82175,96,41,51.96,2130.36,13,0.09,"Great experience, will shop again!"
5451,66,Female,USA,129892,82,31,68.72,2130.32,8,0.9,Good quality and value for money.
8170,64,Female,Germany,161893,12,36,59.13,2128.6800000000003,12,0.26,Good quality and value for money.
2510,55,Male,Australia,170145,56,34,62.58,2127.72,10,0.89,Very satisfied with my purchase.
3491,29,Male,USA,147512,74,33,64.45,2126.85,8,0.21,Good quality and value for money.
2512,68,Female,USA,117236,99,36,59.06,2126.16,10,0.75,Excellent customer service.
4395,68,Male,USA,122598,14,39,54.51,2125.89,15,0.25,Love the products and fast shipping.
9976,60,Male,USA,86804,61,36,59.05,2125.7999999999997,12,0.09,The website is easy to use.
11,62,Female,USA,103020,51,36,59.03,2125.08,13,0.66,Very satisfied with my purchase.
2939,59,Male,USA,124089,81,40,53.12,2124.7999999999997,12,0.95,"Great experience, will shop again!"
6447,59,Female,Australia,141855,82,33,64.35,2123.5499999999997,9,0.15,Very satisfied with my purchase.
2691,34,Male,Japan,80585,79,35,60.67,2123.4500000000003,11,0.46,Good quality and value for money.
1530,68,Male,South Africa,83102,92,40,53.06,2122.4,12,0.8,Love the products and fast shipping.
651,44,Female,India,26949,92,40,53.02,2120.8,14,0.4,Love the products and fast shipping.
2123,43,Male,USA,128156,40,39,54.35,2119.65,15,0.45,Love the products and fast shipping.
5135,52,Female,UK,74335,77,37,57.24,2117.88,12,0.16,Excellent customer service.
2126,53,Female,Germany,85551,99,38,55.71,2116.98,11,0.83,Love the products and fast shipping.
4091,49,Male,USA,114650,97,32,66.1,2115.2,9,0.82,Excellent customer service.
1473,36,Male,Australia,145672,14,38,55.63,2113.94,15,0.2,The website is easy to use.
5244,61,Female,USA,71714,85,43,49.16,2113.8799999999997,15,0.16,The website is easy to use.
8080,64,Female,USA,157900,96,30,70.46,2113.7999999999997,6,0.94,The website is easy to use.
5793,63,Female,India,83902,97,44,48.04,2113.7599999999998,14,0.88,Good quality and value for money.
2464,55,Male,India,85117,45,40,52.83,2113.2,15,0.28,Good quality and value for money.
7807,35,Female,Germany,132334,31,36,58.69,2112.84,12,0.37,Excellent customer service.
4421,34,Male,South Africa,78263,74,35,60.35,2112.25,11,0.25,The website is easy to use.
9247,41,Male,Canada,116384,46,36,58.66,2111.7599999999998,13,0.95,Excellent customer service.
550,38,Male,Japan,81968,100,32,65.99,2111.68,9,0.57,"Great experience, will shop again!"
1204,62,Male,Australia,81164,90,43,49.02,2107.86,15,0.7,Excellent customer service.
4432,70,Male,UK,146362,41,39,53.99,2105.61,14,0.93,Love the products and fast shipping.
6381,28,Female,USA,133219,65,33,63.78,2104.7400000000002,9,0.6,Good quality and value for money.
4800,41,Female,USA,85940,77,35,60.12,2104.2,12,0.6,Very satisfied with my purchase.
3523,52,Male,Germany,169456,39,33,63.76,2104.08,10,0.3,Excellent customer service.
3632,61,Female,Germany,162993,90,32,65.75,2104.0,6,0.67,Love the products and fast shipping.
8323,31,Female,USA,146399,91,32,65.75,2104.0,7,0.24,Very satisfied with my purchase.
8506,57,Female,Australia,156880,34,36,58.43,2103.48,12,0.85,Excellent customer service.
3255,61,Male,UK,98479,99,34,61.83,2102.22,10,0.74,Good quality and value for money.
9000,26,Male,Canada,133838,97,28,75.07,2101.96,5,0.11,Very satisfied with my purchase.
1488,63,Female,UK,152638,37,33,63.68,2101.44,11,0.16,The website is easy to use.
4812,36,Female,Brazil,26168,92,40,52.52,2100.8,15,0.24,Good quality and value for money.
8719,50,Female,USA,145510,78,33,63.66,2100.7799999999997,9,0.98,Customer service was unhelpful.
6028,41,Female,Germany,132937,99,32,65.63,2100.16,8,0.42,Good quality and value for money.
1978,46,Female,South Africa,84640,54,37,56.72,2098.64,13,1.0,Excellent customer service.
1490,56,Female,UK,173718,45,31,67.68,2098.0800000000004,8,0.79,"Great experience, will shop again!"
4156,39,Female,USA,116464,88,31,67.66,2097.46,8,0.27,Excellent customer service.
2142,31,Female,USA,117417,70,32,65.51,2096.32,10,0.58,Excellent customer service.
937,58,Male,Australia,129669,45,35,59.89,2096.15,11,0.14,Love the products and fast shipping.
2937,31,Male,USA,140816,66,37,56.64,2095.68,12,0.99,Excellent customer service.
5782,56,Female,USA,139497,3,37,56.64,2095.68,15,0.34,Excellent customer service.
2984,39,Female,USA,55821,94,44,47.59,2093.96,15,0.71,Excellent customer service.
7334,66,Female,USA,87060,96,37,56.58,2093.46,11,0.86,"Great experience, will shop again!"
1120,65,Female,Canada,169545,9,38,55.09,2093.42,15,0.48,Difficult to navigate the website.
7406,65,Male,Japan,164170,93,28,74.76,2093.28,5,0.07,Very satisfied with my purchase.
4616,54,Male,Canada,143298,23,36,58.14,2093.04,12,0.08,"Great experience, will shop again!"
7167,49,Female,UK,111757,80,36,58.14,2093.04,11,0.97,Good quality and value for money.
6428,42,Female,UK,148814,56,30,69.76,2092.8,9,0.57,Very satisfied with my purchase.
7248,43,Male,USA,72815,61,42,49.8,2091.6,15,0.53,The website is easy to use.
1935,68,Male,USA,138514,28,42,49.76,2089.92,15,0.54,"Great experience, will shop again!"
661,52,Male,USA,132868,37,36,58.03,2089.08,13,0.65,"Great experience, will shop again!"
1546,65,Male,Canada,102723,97,36,58.01,2088.36,11,0.47,"Great experience, will shop again!"
7971,46,Female,USA,149324,87,36,57.89,2084.04,10,0.91,Good quality and value for money.
8258,57,Male,USA,142864,54,36,57.87,2083.3199999999997,11,0.76,Difficult to navigate the website.
8515,55,Male,India,94078,90,36,57.87,2083.3199999999997,11,0.02,Excellent customer service.
3811,39,Female,USA,149259,58,34,61.25,2082.5,9,0.21,The website is easy to use.
5934,54,Male,USA,135673,69,33,63.1,2082.3,10,0.03,Very satisfied with my purchase.
1163,47,Male,UK,101762,81,35,59.47,2081.45,11,0.99,Love the products and fast shipping.
5099,37,Male,Australia,149986,88,29,71.77,2081.33,7,0.75,Excellent customer service.
9351,54,Female,USA,160548,83,33,63.07,2081.31,8,0.8,"Great experience, will shop again!"
6728,63,Female,Canada,122282,27,38,54.77,2081.26,14,0.64,Love the products and fast shipping.
8946,70,Male,USA,161686,46,39,53.36,2081.04,13,0.94,Excellent customer service.
1901,44,Male,UK,52748,72,40,52.0,2080.0,15,0.02,Very satisfied with my purchase.
4689,47,Male,Brazil,56407,70,40,52.0,2080.0,14,0.57,Good quality and value for money.
4183,41,Male,France,68849,73,37,56.2,2079.4,14,0.05,Excellent customer service.
1088,33,Male,Germany,122290,88,38,54.71,2078.98,12,0.01,"Great experience, will shop again!"
2220,53,Female,Germany,121322,26,37,56.18,2078.66,13,0.0,"Great experience, will shop again!"
6921,51,Female,UK,116173,100,31,67.03,2077.93,7,0.84,Love the products and fast shipping.
6644,59,Female,Australia,166996,74,31,67.01,2077.31,7,0.94,Excellent customer service.
9842,61,Male,UK,167563,8,37,56.13,2076.81,13,0.8,The product did not match the description.
8518,54,Male,India,72468,78,35,59.33,2076.5499999999997,12,0.4,Good quality and value for money.
7926,53,Female,Germany,150265,64,35,59.32,2076.2,11,0.72,Good quality and value for money.
7794,56,Female,France,78584,54,38,54.63,2075.94,14,0.3,Love the products and fast shipping.
2666,62,Female,Canada,130506,53,37,56.1,2075.7000000000003,13,0.93,Love the products and fast shipping.
2573,28,Male,Germany,124942,42,33,62.88,2075.04,10,0.71,Good quality and value for money.
2466,39,Male,USA,124586,36,37,56.07,2074.59,13,0.94,"Great experience, will shop again!"
6218,48,Female,Canada,121766,66,39,53.18,2074.02,13,0.06,Love the products and fast shipping.
3682,58,Male,Germany,129661,91,35,59.25,2073.75,9,0.96,Excellent customer service.
6784,35,Male,USA,100793,62,38,54.56,2073.28,14,0.24,Love the products and fast shipping.
6717,62,Male,USA,136558,54,39,53.14,2072.46,13,0.44,Love the products and fast shipping.
86,67,Male,Australia,107733,67,34,60.94,2071.96,10,0.45,The website is easy to use.
4887,48,Female,France,24625,92,42,49.3,2070.6,15,0.42,Love the products and fast shipping.
4735,40,Female,India,35633,96,40,51.76,2070.4,15,0.65,Good quality and value for money.
5301,49,Female,Japan,111001,33,38,54.48,2070.24,14,0.87,Good quality and value for money.
5645,58,Male,India,81404,99,41,50.48,2069.68,14,0.67,Love the products and fast shipping.
9416,58,Male,Germany,155588,70,29,71.35,2069.1499999999996,6,0.9,Love the products and fast shipping.
1406,42,Female,Canada,134494,79,29,71.34,2068.86,7,0.29,Good quality and value for money.
3079,35,Female,Japan,149611,87,35,59.1,2068.5,9,0.41,Very satisfied with my purchase.
1496,52,Female,USA,143634,89,35,59.05,2066.75,8,0.23,Love the products and fast shipping.
5963,43,Male,Brazil,74894,98,44,46.97,2066.68,15,0.28,Excellent customer service.
4027,65,Female,UK,164306,46,39,52.99,2066.61,14,0.84,Very satisfied with my purchase.
5092,69,Male,Canada,130131,60,31,66.65,2066.15,8,0.18,Excellent customer service.
2908,43,Male,Japan,136845,92,29,71.24,2065.96,7,0.3,The website is easy to use.
4480,40,Male,USA,112621,74,41,50.36,2064.7599999999998,13,0.24,"Great experience, will shop again!"
7427,33,Male,UK,137563,73,32,64.52,2064.64,9,0.73,"Great experience, will shop again!"
7779,70,Male,USA,146319,21,41,50.35,2064.35,15,0.18,I will not be shopping here again.
802,65,Female,Germany,156783,40,32,64.5,2064.0,9,0.22,Very satisfied with my purchase.
8728,54,Female,India,66624,95,35,58.95,2063.25,10,0.63,Excellent customer service.
5656,44,Male,USA,118884,52,39,52.89,2062.71,14,0.31,Excellent customer service.
6902,39,Male,Germany,86375,41,41,50.29,2061.89,15,0.55,Very satisfied with my purchase.
3429,53,Male,India,91942,51,37,55.72,2061.64,14,0.68,Very satisfied with my purchase.
5554,53,Female,USA,103809,92,35,58.87,2060.45,10,0.81,Love the products and fast shipping.
6073,65,Male,Australia,152347,5,35,58.87,2060.45,13,0.89,Very satisfied with my purchase.
6779,49,Male,Brazil,73468,80,36,57.23,2060.2799999999997,11,0.25,Excellent customer service.
5897,57,Male,UK,153268,70,35,58.84,2059.4,11,0.66,The website is easy to use.
638,43,Female,Australia,72845,84,36,57.19,2058.84,11,0.67,The website is easy to use.
7220,66,Female,UK,51943,97,35,58.82,2058.7,10,0.91,The website is easy to use.
9670,70,Male,Canada,129157,10,36,57.17,2058.12,14,0.56,Shipping was too slow.
3601,61,Female,Canada,90115,93,33,62.35,2057.55,10,0.4,Love the products and fast shipping.
3328,61,Female,USA,142832,89,36,57.14,2057.04,9,0.15,Love the products and fast shipping.
6194,70,Female,India,70718,74,36,57.13,2056.6800000000003,12,0.59,Excellent customer service.
6607,43,Female,Australia,118651,30,39,52.69,2054.91,14,0.61,Love the products and fast shipping.
9551,52,Female,USA,173354,96,25,82.19,2054.75,3,0.46,Good quality and value for money.
2284,45,Female,USA,90626,100,32,64.19,2054.08,9,0.44,"Great experience, will shop again!"
2798,68,Female,UK,110664,97,33,62.22,2053.2599999999998,9,0.77,Very satisfied with my purchase.
4041,38,Male,USA,119823,36,37,55.48,2052.7599999999998,14,0.96,Good quality and value for money.
1557,56,Male,USA,166106,65,29,70.76,2052.04,8,0.16,Good quality and value for money.
7602,56,Female,USA,155690,40,31,66.18,2051.5800000000004,9,0.29,The website is easy to use.
2530,56,Male,UK,65888,96,41,50.03,2051.23,14,0.31,Very satisfied with my purchase.
5747,49,Female,Germany,169521,49,30,68.37,2051.1000000000004,9,0.5,Very satisfied with my purchase.
7285,35,Female,USA,104098,82,40,51.26,2050.4,13,0.64,Love the products and fast shipping.
7600,40,Female,Canada,133911,39,35,58.56,2049.6,12,0.53,Excellent customer service.
8065,56,Male,USA,61707,99,42,48.75,2047.5,14,0.97,Love the products and fast shipping.
4472,37,Female,USA,130585,84,29,70.58,2046.82,6,0.97,Good quality and value for money.
1264,59,Female,Canada,179296,7,31,66.02,2046.62,11,0.76,Good quality and value for money.
1080,61,Male,France,94899,90,37,55.29,2045.73,12,0.64,The website is easy to use.
2088,62,Male,UK,173620,73,30,68.17,2045.1000000000001,6,0.84,The website is easy to use.
3114,36,Female,Germany,124302,81,33,61.97,2045.01,9,0.29,Love the products and fast shipping.
7021,31,Female,USA,128498,49,36,56.8,2044.8,12,1.0,Excellent customer service.
2059,66,Male,USA,74954,72,40,51.06,2042.4,15,0.22,"Great experience, will shop again!"
7553,45,Female,UK,132215,90,34,60.06,2042.04,10,0.19,Good quality and value for money.
2395,34,Male,USA,120842,58,32,63.8,2041.6,10,0.74,Excellent customer service.
8881,62,Male,Germany,177787,63,28,72.91,2041.48,6,0.17,"Great experience, will shop again!"
5486,38,Male,Brazil,67806,46,39,52.34,2041.2600000000002,15,0.75,"Great experience, will shop again!"
9875,36,Male,USA,121861,31,39,52.33,2040.87,14,0.31,Excellent customer service.
2782,54,Female,UK,160491,39,34,60.01,2040.34,11,0.06,"Great experience, will shop again!"
8672,59,Female,USA,148658,59,35,58.25,2038.75,11,0.98,Excellent customer service.
2776,38,Male,Australia,91923,35,38,53.64,2038.32,15,0.08,Love the products and fast shipping.
6680,65,Female,UK,156517,70,30,67.94,2038.1999999999998,7,0.15,The website is easy to use.
6320,52,Female,USA,96430,77,42,48.51,2037.4199999999998,15,0.53,Excellent customer service.
2699,54,Female,India,90284,64,38,53.61,2037.18,14,0.4,"Great experience, will shop again!"
8061,33,Female,Canada,137825,68,30,67.9,2037.0000000000002,7,0.87,I will not be shopping here again.
2324,65,Male,Canada,58845,84,38,53.59,2036.42,13,0.79,The website is easy to use.
2779,62,Female,Germany,154676,43,35,58.17,2035.95,12,0.21,Very satisfied with my purchase.
5565,37,Female,Brazil,78673,79,44,46.27,2035.88,15,0.49,Good quality and value for money.
7579,70,Female,UK,97623,40,38,53.57,2035.66,15,0.71,Shipping was too slow.
4924,67,Female,India,78938,80,35,58.16,2035.6,11,0.73,Excellent customer service.
4911,61,Female,UK,135184,65,37,54.98,2034.26,11,0.95,"Great experience, will shop again!"
3389,33,Female,India,73686,92,34,59.82,2033.88,11,0.68,Very satisfied with my purchase.
8025,38,Male,USA,137389,55,32,63.54,2033.28,9,0.12,Excellent customer service.
901,64,Male,Germany,135381,39,34,59.8,2033.1999999999998,12,0.69,Good quality and value for money.
4921,57,Male,USA,66517,90,42,48.37,2031.54,15,0.79,Good quality and value for money.
2958,55,Male,Germany,111085,78,32,63.46,2030.72,9,0.82,Excellent customer service.
1056,35,Male,USA,120725,55,40,50.76,2030.3999999999999,13,0.87,Excellent customer service.
5795,67,Male,USA,103100,67,42,48.33,2029.86,15,0.88,Love the products and fast shipping.
4591,55,Female,UK,123151,97,35,57.99,2029.65,9,0.18,"Great experience, will shop again!"
929,56,Male,Australia,174423,60,33,61.5,2029.5,9,0.92,"Great experience, will shop again!"
1288,53,Female,India,76491,100,38,53.4,2029.2,11,0.96,The website is easy to use.
2194,44,Female,Japan,135124,82,28,72.47,2029.1599999999999,6,0.18,Excellent customer service.
3374,55,Male,USA,52209,81,37,54.84,2029.0800000000002,13,0.58,Good quality and value for money.
2368,43,Female,USA,81750,65,37,54.81,2027.97,13,0.62,Good quality and value for money.
9124,65,Female,Germany,58844,95,35,57.93,2027.55,12,0.81,"Great experience, will shop again!"
489,68,Female,Canada,120177,87,39,51.97,2026.83,11,0.88,Good quality and value for money.
9332,40,Female,USA,72037,41,39,51.97,2026.83,15,0.22,The website is easy to use.
3760,60,Male,Australia,174241,31,38,53.31,2025.7800000000002,14,0.89,"Great experience, will shop again!"
8055,28,Female,Germany,143963,92,34,59.56,2025.04,8,0.55,"Great experience, will shop again!"
5960,60,Male,India,88011,98,36,56.24,2024.64,10,0.95,Very satisfied with my purchase.
6089,46,Male,India,91432,40,36,56.22,2023.92,13,0.04,Good quality and value for money.
9838,42,Female,India,63613,69,36,56.22,2023.92,12,0.27,Excellent customer service.
8747,66,Female,UK,131640,31,33,61.33,2023.8899999999999,11,0.73,Very satisfied with my purchase.
1983,40,Female,USA,143842,18,35,57.78,2022.3,13,0.56,Very satisfied with my purchase.
6695,39,Male,USA,93299,93,39,51.85,2022.15,13,0.9,Good quality and value for money.
7858,43,Male,USA,89581,82,41,49.32,2022.1200000000001,14,0.27,The website is easy to use.
4539,44,Male,Canada,122248,63,38,53.21,2021.98,12,0.13,The website is easy to use.
6834,29,Male,UK,114994,69,31,65.22,2021.82,10,0.99,Excellent customer service.
1402,66,Female,USA,156811,55,33,61.26,2021.58,9,0.65,"Great experience, will shop again!"
44,64,Male,Australia,104706,82,42,48.13,2021.46,14,0.16,Love the products and fast shipping.
8262,50,Male,USA,159382,39,31,65.19,2020.8899999999999,9,0.79,The product did not match the description.
5893,34,Female,Australia,146158,64,33,61.19,2019.27,10,0.18,Very satisfied with my purchase.
2836,67,Male,India,47097,71,39,51.77,2019.0300000000002,14,0.23,Very satisfied with my purchase.
5459,55,Male,USA,122512,69,37,54.54,2017.98,11,0.97,The website is easy to use.
9311,45,Female,Germany,110426,88,30,67.26,2017.8000000000002,7,0.9,Good quality and value for money.
5354,36,Female,UK,40130,93,38,53.1,2017.8,14,0.81,"Great experience, will shop again!"
1682,58,Male,Australia,154080,35,39,51.73,2017.4699999999998,14,0.91,"Great experience, will shop again!"
3852,53,Male,Germany,140185,28,39,51.73,2017.4699999999998,14,0.5,The website is easy to use.
1440,56,Male,Canada,160236,32,32,63.04,2017.28,11,0.91,Shipping was too slow.
4074,34,Male,Brazil,50306,86,37,54.52,2017.24,12,0.59,The website is easy to use.
325,55,Female,India,95949,47,35,57.62,2016.6999999999998,12,0.59,Good quality and value for money.
7465,63,Female,Canada,154118,69,29,69.54,2016.66,7,0.66,Very satisfied with my purchase.
9230,42,Female,Germany,119899,27,37,54.49,2016.13,15,0.62,"Great experience, will shop again!"
758,29,Male,Australia,117346,68,32,63.0,2016.0,9,0.11,The website is easy to use.
5636,69,Male,Brazil,70945,50,39,51.69,2015.9099999999999,15,0.72,Good quality and value for money.
5519,66,Female,South Africa,69348,60,37,54.48,2015.76,14,0.86,The website is easy to use.
9487,54,Male,Canada,50490,90,35,57.59,2015.65,12,0.06,Good quality and value for money.
7001,52,Female,Japan,112530,18,37,54.46,2015.02,15,0.55,Good quality and value for money.
2020,68,Male,Canada,96778,56,36,55.97,2014.92,12,0.45,Good quality and value for money.
9003,51,Male,Canada,142936,15,33,61.05,2014.6499999999999,12,0.09,Very satisfied with my purchase.
2574,64,Male,UK,142602,75,30,67.11,2013.3,8,0.62,The website is easy to use.
6279,54,Male,USA,111698,50,40,50.32,2012.8,15,0.01,The website is easy to use.
9829,38,Female,Australia,148653,81,32,62.9,2012.8,8,0.21,"Great experience, will shop again!"
3363,33,Female,USA,114969,84,29,69.4,2012.6000000000001,7,0.7,Very satisfied with my purchase.
2240,40,Male,USA,60164,100,43,46.8,2012.3999999999999,14,0.34,"Great experience, will shop again!"
2098,51,Male,Germany,122224,38,39,51.59,2012.0100000000002,15,0.29,Excellent customer service.
2445,59,Male,USA,154984,68,35,57.48,2011.8,9,0.73,Good quality and value for money.
2455,61,Male,USA,130082,61,37,54.37,2011.6899999999998,12,0.93,Excellent customer service.
1640,64,Male,Australia,85053,100,31,64.88,2011.2799999999997,8,0.95,Good quality and value for money.
6574,68,Female,South Africa,70274,86,40,50.28,2011.2,13,0.52,Very satisfied with my purchase.
3418,42,Female,Australia,124693,34,34,59.15,2011.1,13,0.56,Love the products and fast shipping.
3874,42,Male,France,43764,78,39,51.55,2010.4499999999998,15,0.85,Good quality and value for money.
421,49,Male,UK,71070,89,34,59.1,2009.4,11,0.03,"Great experience, will shop again!"
1167,30,Female,Australia,105754,91,36,55.81,2009.16,10,0.77,Very satisfied with my purchase.
1817,51,Male,Australia,106496,61,36,55.78,2008.08,12,0.34,"Great experience, will shop again!"
4348,67,Male,India,62038,73,38,52.83,2007.54,13,0.25,Excellent customer service.
301,53,Female,Canada,119923,39,33,60.82,2007.06,12,0.56,Good quality and value for money.
8352,60,Female,South Africa,55429,88,41,48.95,2006.95,14,0.86,Good quality and value for money.
308,34,Female,India,52430,88,37,54.24,2006.88,13,0.34,Love the products and fast shipping.
9429,45,Female,Canada,87302,86,35,57.33,2006.55,10,0.46,"Great experience, will shop again!"
3263,39,Female,Australia,126582,47,34,59.01,2006.34,12,0.87,"Poor quality, item broke after a week."
187,61,Male,USA,137242,91,33,60.79,2006.07,8,0.99,Good quality and value for money.
2926,60,Male,Germany,171300,70,28,71.61,2005.08,5,0.91,Excellent customer service.
5552,46,Male,USA,122262,74,31,64.66,2004.4599999999998,8,0.2,Very satisfied with my purchase.
8020,58,Male,USA,163773,86,26,77.08,2004.08,5,0.2,Very satisfied with my purchase.
5138,63,Male,India,74710,57,36,55.63,2002.68,14,0.71,"Poor quality, item broke after a week."
4835,58,Female,USA,129008,72,32,62.56,2001.92,8,0.5,Love the products and fast shipping.
258,68,Male,Australia,123490,100,36,55.6,2001.6000000000001,10,0.77,Difficult to navigate the website.
5913,53,Male,Germany,63541,78,39,51.31,2001.0900000000001,14,0.81,Good quality and value for money.
2542,62,Female,Brazil,87004,66,37,54.08,2000.96,12,0.05,"Great experience, will shop again!"
9116,40,Male,USA,144162,46,30,66.68,2000.4,9,0.72,The website is easy to use.
3192,64,Female,UK,124479,41,41,48.79,2000.3899999999999,15,0.94,The website is easy to use.
5574,61,Male,Brazil,83868,88,36,55.55,1999.8,11,0.89,Excellent customer service.
5611,69,Male,South Africa,60590,56,41,48.72,1997.52,15,0.82,Good quality and value for money.
8669,52,Female,UK,54297,98,34,58.75,1997.5,10,0.67,Good quality and value for money.
7182,48,Male,Australia,142363,46,37,53.97,1996.8899999999999,13,0.3,The website is easy to use.
3765,33,Male,USA,144168,95,31,64.4,1996.4,6,0.32,Very satisfied with my purchase.
6923,63,Male,Japan,72938,94,40,49.91,1996.3999999999999,14,0.17,Good quality and value for money.
1763,59,Female,Germany,163012,47,37,53.95,1996.15,11,0.56,Very satisfied with my purchase.
4440,44,Male,Brazil,62797,89,34,58.69,1995.46,10,0.68,Good quality and value for money.
3244,68,Female,USA,84717,70,43,46.4,1995.2,15,0.5,Very satisfied with my purchase.
871,40,Male,USA,97654,60,33,60.45,1994.8500000000001,10,0.87,Excellent customer service.
8027,45,Male,India,52679,91,40,49.87,1994.8,13,0.7,The website is easy to use.
2468,54,Female,USA,115227,57,42,47.48,1994.1599999999999,14,0.93,Very satisfied with my purchase.
6500,43,Female,UK,78574,83,36,55.39,1994.04,11,0.12,Love the products and fast shipping.
1295,44,Male,USA,143399,22,34,58.64,1993.76,12,0.82,Shipping was too slow.
6599,68,Female,Australia,79585,99,39,51.12,1993.6799999999998,12,0.14,Excellent customer service.
7680,49,Female,UK,127924,16,35,56.9,1991.5,13,0.71,"Great experience, will shop again!"
4506,35,Male,USA,98978,73,43,46.31,1991.3300000000002,15,0.61,Love the products and fast shipping.
4489,54,Male,Brazil,78204,77,44,45.24,1990.5600000000002,15,0.57,Good quality and value for money.
1045,50,Female,USA,94808,61,38,52.38,1990.44,13,0.29,Love the products and fast shipping.
6327,42,Male,USA,106928,58,39,51.02,1989.7800000000002,14,0.83,Good quality and value for money.
6944,31,Male,UK,139056,84,27,73.62,1987.7400000000002,6,0.76,Love the products and fast shipping.
3963,42,Female,UK,118762,69,31,64.11,1987.41,8,0.03,"Great experience, will shop again!"
9827,66,Male,Canada,92829,76,32,62.09,1986.88,10,0.73,Very satisfied with my purchase.
